DATAFLOW,REF_AREA,FREQ,MEASURE,COMMODITY,UNIT_MEASURE,TIME_PERIOD,OBS_VALUE,DECIMALS,OBS_STATUS,CURRENCY,UNIT_MULT
OECD.TAD.ARP:DSD_AGR_POLIND@DF_POL(1.1),OECD,A,BP_OPWLSH,CPC_EX_TO,PT_SUPP_E_PRDC,2023,28.5898,2,,,
OECD.TAD.ARP:DSD_AGR_POLIND@DF_POL(1.1),OECD,A,BP_OPWLSH,CPC_EX_TO,PT_SUPP_E_PRDC,2014,38.287,2,,,
OECD.TAD.ARP:DSD_AGR_POLIND@DF_POL(1.1),OECD,A,BP_OPWLSH,CPC_EX_TO,PT_SUPP_E_PRDC,2015,36.9829,2,,,
OECD.TAD.ARP:DSD_AGR_POLIND@DF_POL(1.1),OECD,A,BP_OPWLSH,CPC_EX_TO,PT_SUPP_E_PRDC,2016,35.4675,2,,,
OECD.TAD.ARP:DSD_AGR_POLIND@DF_POL(1.1),OECD,A,BP_OPWLSH,CPC_EX_TO,PT_SUPP_E_PRDC,2017,32.6324,2,,,
OECD.TAD.ARP:DSD_AGR_POLIND@DF_POL(1.1),OECD,A,BP_OPWLSH,CPC_EX_TO,PT_SUPP_E_PRDC,2018,36.0462,2,,,
OECD.TAD.ARP:DSD_AGR_POLIND@DF_POL(1.1),OECD,A,BP_OPWLSH,CPC_EX_TO,PT_SUPP_E_PRDC,2019,36.5365,2,,,
OECD.TAD.ARP:DSD_AGR_POLIND@DF_POL(1.1),OECD,A,BP_OPWLSH,CPC_EX_TO,PT_SUPP_E_PRDC,2020,36.4954,2,,,
OECD.TAD.ARP:DSD_AGR_POLIND@DF_POL(1.1),OECD,A,BP_OPWLSH,CPC_EX_TO,PT_SUPP_E_PRDC,2021,39.7866,2,,,
OECD.TAD.ARP:DSD_AGR_POLIND@DF_POL(1.1),OECD,A,BP_OPWLSH,CPC_EX_TO,PT_SUPP_E_PRDC,2022,36.9342,2,,,
OECD.TAD.ARP:DSD_AGR_POLIND@DF_POL(1.1),EU,A,BPICSH,CPC_EX_TO,PT_SUPP_E_PRDC,2023,52.1235,2,,,
OECD.TAD.ARP:DSD_AGR_POLIND@DF_POL(1.1),EU,A,BPICSH,CPC_EX_TO,PT_SUPP_E_PRDC,2014,64.5141,2,,,
OECD.TAD.ARP:DSD_AGR_POLIND@DF_POL(1.1),EU,A,BPICSH,CPC_EX_TO,PT_SUPP_E_PRDC,2015,62.4605,2,,,
OECD.TAD.ARP:DSD_AGR_POLIND@DF_POL(1.1),EU,A,BPICSH,CPC_EX_TO,PT_SUPP_E_PRDC,2016,64.549,2,,,
OECD.TAD.ARP:DSD_AGR_POLIND@DF_POL(1.1),EU,A,BPICSH,CPC_EX_TO,PT_SUPP_E_PRDC,2017,64.5189,2,,,
OECD.TAD.ARP:DSD_AGR_POLIND@DF_POL(1.1),EU,A,BPICSH,CPC_EX_TO,PT_SUPP_E_PRDC,2018,60.6208,2,,,
OECD.TAD.ARP:DSD_AGR_POLIND@DF_POL(1.1),EU,A,BPICSH,CPC_EX_TO,PT_SUPP_E_PRDC,2019,60.7055,2,,,
OECD.TAD.ARP:DSD_AGR_POLIND@DF_POL(1.1),EU,A,BPICSH,CPC_EX_TO,PT_SUPP_E_PRDC,2020,62.4203,2,,,
OECD.TAD.ARP:DSD_AGR_POLIND@DF_POL(1.1),EU,A,BPICSH,CPC_EX_TO,PT_SUPP_E_PRDC,2021,64.2561,2,,,
OECD.TAD.ARP:DSD_AGR_POLIND@DF_POL(1.1),EU,A,BPICSH,CPC_EX_TO,PT_SUPP_E_PRDC,2022,59.4436,2,,,
OECD.TAD.ARP:DSD_AGR_POLIND@DF_POL(1.1),KAZ,A,BP_OPWLSH,CPC_EX_TO,PT_SUPP_E_PRDC,2014,0.0,2,,,
OECD.TAD.ARP:DSD_AGR_POLIND@DF_POL(1.1),KAZ,A,BP_OPWLSH,CPC_EX_TO,PT_SUPP_E_PRDC,2015,0.0,2,,,
OECD.TAD.ARP:DSD_AGR_POLIND@DF_POL(1.1),KAZ,A,BP_OPWLSH,CPC_EX_TO,PT_SUPP_E_PRDC,2016,0.0,2,,,
OECD.TAD.ARP:DSD_AGR_POLIND@DF_POL(1.1),KAZ,A,BP_OPWLSH,CPC_EX_TO,PT_SUPP_E_PRDC,2017,0.0,2,,,
OECD.TAD.ARP:DSD_AGR_POLIND@DF_POL(1.1),KAZ,A,BP_OPWLSH,CPC_EX_TO,PT_SUPP_E_PRDC,2018,0.0,2,,,
OECD.TAD.ARP:DSD_AGR_POLIND@DF_POL(1.1),KAZ,A,BP_OPWLSH,CPC_EX_TO,PT_SUPP_E_PRDC,2019,0.0,2,,,
OECD.TAD.ARP:DSD_AGR_POLIND@DF_POL(1.1),KAZ,A,BP_OPWLSH,CPC_EX_TO,PT_SUPP_E_PRDC,2020,0.0,2,,,
OECD.TAD.ARP:DSD_AGR_POLIND@DF_POL(1.1),KAZ,A,BP_OPWLSH,CPC_EX_TO,PT_SUPP_E_PRDC,2021,,2,N,,
OECD.TAD.ARP:DSD_AGR_POLIND@DF_POL(1.1),KAZ,A,BP_OPWLSH,CPC_EX_TO,PT_SUPP_E_PRDC,2022,,2,N,,
OECD.TAD.ARP:DSD_AGR_POLIND@DF_POL(1.1),KAZ,A,BP_OPWLSH,CPC_EX_TO,PT_SUPP_E_PRDC,2023,0.0,2,,,
OECD.TAD.ARP:DSD_AGR_POLIND@DF_POL(1.1),CAN,A,BPICSH,CPC_EX_TO,PT_SUPP_E_PRDC,2023,2.8452,2,,,
OECD.TAD.ARP:DSD_AGR_POLIND@DF_POL(1.1),COL,A,BPICSH,CPC_EX_TO,PT_SUPP_E_PRDC,2014,10.7063,2,,,
OECD.TAD.ARP:DSD_AGR_POLIND@DF_POL(1.1),COL,A,BPICSH,CPC_EX_TO,PT_SUPP_E_PRDC,2015,9.5694,2,,,
OECD.TAD.ARP:DSD_AGR_POLIND@DF_POL(1.1),COL,A,BPICSH,CPC_EX_TO,PT_SUPP_E_PRDC,2016,7.0972,2,,,
OECD.TAD.ARP:DSD_AGR_POLIND@DF_POL(1.1),COL,A,BPICSH,CPC_EX_TO,PT_SUPP_E_PRDC,2017,10.3612,2,,,
OECD.TAD.ARP:DSD_AGR_POLIND@DF_POL(1.1),COL,A,BPICSH,CPC_EX_TO,PT_SUPP_E_PRDC,2018,6.1838,2,,,
OECD.TAD.ARP:DSD_AGR_POLIND@DF_POL(1.1),COL,A,BPICSH,CPC_EX_TO,PT_SUPP_E_PRDC,2019,5.9012,2,,,
OECD.TAD.ARP:DSD_AGR_POLIND@DF_POL(1.1),COL,A,BPICSH,CPC_EX_TO,PT_SUPP_E_PRDC,2020,6.9314,2,,,
OECD.TAD.ARP:DSD_AGR_POLIND@DF_POL(1.1),COL,A,BPICSH,CPC_EX_TO,PT_SUPP_E_PRDC,2021,23.4807,2,,,
OECD.TAD.ARP:DSD_AGR_POLIND@DF_POL(1.1),COL,A,BPICSH,CPC_EX_TO,PT_SUPP_E_PRDC,2022,18.5587,2,,,
OECD.TAD.ARP:DSD_AGR_POLIND@DF_POL(1.1),COL,A,BPICSH,CPC_EX_TO,PT_SUPP_E_PRDC,2023,11.3634,2,,,
OECD.TAD.ARP:DSD_AGR_POLIND@DF_POL(1.1),CAN,A,BPICSH,CPC_EX_TO,PT_SUPP_E_PRDC,2014,0.0245,2,,,
OECD.TAD.ARP:DSD_AGR_POLIND@DF_POL(1.1),CAN,A,BPICSH,CPC_EX_TO,PT_SUPP_E_PRDC,2015,0.0073,2,,,
OECD.TAD.ARP:DSD_AGR_POLIND@DF_POL(1.1),CAN,A,BPICSH,CPC_EX_TO,PT_SUPP_E_PRDC,2016,0.0,2,,,
OECD.TAD.ARP:DSD_AGR_POLIND@DF_POL(1.1),CAN,A,BPICSH,CPC_EX_TO,PT_SUPP_E_PRDC,2017,0.0,2,,,
OECD.TAD.ARP:DSD_AGR_POLIND@DF_POL(1.1),CAN,A,BPICSH,CPC_EX_TO,PT_SUPP_E_PRDC,2018,0.0029,2,,,
OECD.TAD.ARP:DSD_AGR_POLIND@DF_POL(1.1),CAN,A,BPICSH,CPC_EX_TO,PT_SUPP_E_PRDC,2019,0.0085,2,,,
OECD.TAD.ARP:DSD_AGR_POLIND@DF_POL(1.1),CAN,A,BPICSH,CPC_EX_TO,PT_SUPP_E_PRDC,2020,0.0567,2,,,
OECD.TAD.ARP:DSD_AGR_POLIND@DF_POL(1.1),CAN,A,BPICSH,CPC_EX_TO,PT_SUPP_E_PRDC,2021,0.3088,2,,,
OECD.TAD.ARP:DSD_AGR_POLIND@DF_POL(1.1),CAN,A,BPICSH,CPC_EX_TO,PT_SUPP_E_PRDC,2022,2.1488,2,,,
OECD.TAD.ARP:DSD_AGR_POLIND@DF_POL(1.1),IND,A,BP_OPWLSH,CPC_EX_TO,PT_SUPP_E_PRDC,2014,0.0,2,,,
OECD.TAD.ARP:DSD_AGR_POLIND@DF_POL(1.1),IND,A,BP_OPWLSH,CPC_EX_TO,PT_SUPP_E_PRDC,2015,0.0,2,,,
OECD.TAD.ARP:DSD_AGR_POLIND@DF_POL(1.1),IND,A,BP_OPWLSH,CPC_EX_TO,PT_SUPP_E_PRDC,2016,0.0,2,,,
OECD.TAD.ARP:DSD_AGR_POLIND@DF_POL(1.1),IND,A,BP_OPWLSH,CPC_EX_TO,PT_SUPP_E_PRDC,2017,0.0,2,,,
OECD.TAD.ARP:DSD_AGR_POLIND@DF_POL(1.1),IND,A,BP_OPWLSH,CPC_EX_TO,PT_SUPP_E_PRDC,2018,0.0,2,,,
OECD.TAD.ARP:DSD_AGR_POLIND@DF_POL(1.1),IND,A,BP_OPWLSH,CPC_EX_TO,PT_SUPP_E_PRDC,2019,0.0,2,,,
OECD.TAD.ARP:DSD_AGR_POLIND@DF_POL(1.1),IND,A,BP_OPWLSH,CPC_EX_TO,PT_SUPP_E_PRDC,2020,0.0,2,,,
OECD.TAD.ARP:DSD_AGR_POLIND@DF_POL(1.1),IND,A,BP_OPWLSH,CPC_EX_TO,PT_SUPP_E_PRDC,2021,,2,N,,
OECD.TAD.ARP:DSD_AGR_POLIND@DF_POL(1.1),IND,A,BP_OPWLSH,CPC_EX_TO,PT_SUPP_E_PRDC,2022,,2,N,,
OECD.TAD.ARP:DSD_AGR_POLIND@DF_POL(1.1),IND,A,BP_OPWLSH,CPC_EX_TO,PT_SUPP_E_PRDC,2023,,2,N,,
OECD.TAD.ARP:DSD_AGR_POLIND@DF_POL(1.1),KOR,A,BP_OPWLSH,CPC_EX_TO,PT_SUPP_E_PRDC,2023,10.2315,2,,,
OECD.TAD.ARP:DSD_AGR_POLIND@DF_POL(1.1),KOR,A,BP_OPWLSH,CPC_EX_TO,PT_SUPP_E_PRDC,2014,3.7271,2,,,
OECD.TAD.ARP:DSD_AGR_POLIND@DF_POL(1.1),KOR,A,BP_OPWLSH,CPC_EX_TO,PT_SUPP_E_PRDC,2015,3.7748,2,,,
OECD.TAD.ARP:DSD_AGR_POLIND@DF_POL(1.1),KOR,A,BP_OPWLSH,CPC_EX_TO,PT_SUPP_E_PRDC,2016,4.0857,2,,,
OECD.TAD.ARP:DSD_AGR_POLIND@DF_POL(1.1),KOR,A,BP_OPWLSH,CPC_EX_TO,PT_SUPP_E_PRDC,2017,3.6534,2,,,
OECD.TAD.ARP:DSD_AGR_POLIND@DF_POL(1.1),KOR,A,BP_OPWLSH,CPC_EX_TO,PT_SUPP_E_PRDC,2018,3.3991,2,,,
OECD.TAD.ARP:DSD_AGR_POLIND@DF_POL(1.1),KOR,A,BP_OPWLSH,CPC_EX_TO,PT_SUPP_E_PRDC,2019,3.6606,2,,,
OECD.TAD.ARP:DSD_AGR_POLIND@DF_POL(1.1),KOR,A,BP_OPWLSH,CPC_EX_TO,PT_SUPP_E_PRDC,2020,9.1735,2,,,
OECD.TAD.ARP:DSD_AGR_POLIND@DF_POL(1.1),KOR,A,BP_OPWLSH,CPC_EX_TO,PT_SUPP_E_PRDC,2021,7.718,2,,,
OECD.TAD.ARP:DSD_AGR_POLIND@DF_POL(1.1),KOR,A,BP_OPWLSH,CPC_EX_TO,PT_SUPP_E_PRDC,2022,8.8651,2,,,
OECD.TAD.ARP:DSD_AGR_POLIND@DF_POL(1.1),ZAF,A,BPICSH,CPC_EX_TO,PT_SUPP_E_PRDC,2014,0.0,2,,,
OECD.TAD.ARP:DSD_AGR_POLIND@DF_POL(1.1),ZAF,A,BPICSH,CPC_EX_TO,PT_SUPP_E_PRDC,2015,0.0,2,,,
OECD.TAD.ARP:DSD_AGR_POLIND@DF_POL(1.1),ZAF,A,BPICSH,CPC_EX_TO,PT_SUPP_E_PRDC,2016,0.0,2,,,
OECD.TAD.ARP:DSD_AGR_POLIND@DF_POL(1.1),ZAF,A,BPICSH,CPC_EX_TO,PT_SUPP_E_PRDC,2017,0.0,2,,,
OECD.TAD.ARP:DSD_AGR_POLIND@DF_POL(1.1),ZAF,A,BPICSH,CPC_EX_TO,PT_SUPP_E_PRDC,2018,0.0,2,,,
OECD.TAD.ARP:DSD_AGR_POLIND@DF_POL(1.1),ZAF,A,BPICSH,CPC_EX_TO,PT_SUPP_E_PRDC,2019,0.0,2,,,
OECD.TAD.ARP:DSD_AGR_POLIND@DF_POL(1.1),ZAF,A,BPICSH,CPC_EX_TO,PT_SUPP_E_PRDC,2020,0.0,2,,,
OECD.TAD.ARP:DSD_AGR_POLIND@DF_POL(1.1),ZAF,A,BPICSH,CPC_EX_TO,PT_SUPP_E_PRDC,2021,0.0,2,,,
OECD.TAD.ARP:DSD_AGR_POLIND@DF_POL(1.1),ZAF,A,BPICSH,CPC_EX_TO,PT_SUPP_E_PRDC,2022,0.0,2,,,
OECD.TAD.ARP:DSD_AGR_POLIND@DF_POL(1.1),ZAF,A,BPICSH,CPC_EX_TO,PT_SUPP_E_PRDC,2023,0.0,2,,,
OECD.TAD.ARP:DSD_AGR_POLIND@DF_POL(1.1),PHL,A,BP_OPWLSH,CPC_EX_TO,PT_SUPP_E_PRDC,2014,0.0,2,,,
OECD.TAD.ARP:DSD_AGR_POLIND@DF_POL(1.1),PHL,A,BP_OPWLSH,CPC_EX_TO,PT_SUPP_E_PRDC,2015,0.0,2,,,
OECD.TAD.ARP:DSD_AGR_POLIND@DF_POL(1.1),PHL,A,BP_OPWLSH,CPC_EX_TO,PT_SUPP_E_PRDC,2016,0.0,2,,,
OECD.TAD.ARP:DSD_AGR_POLIND@DF_POL(1.1),PHL,A,BP_OPWLSH,CPC_EX_TO,PT_SUPP_E_PRDC,2017,0.0,2,,,
OECD.TAD.ARP:DSD_AGR_POLIND@DF_POL(1.1),PHL,A,BP_OPWLSH,CPC_EX_TO,PT_SUPP_E_PRDC,2018,0.0,2,,,
OECD.TAD.ARP:DSD_AGR_POLIND@DF_POL(1.1),PHL,A,BP_OPWLSH,CPC_EX_TO,PT_SUPP_E_PRDC,2019,0.0,2,,,
OECD.TAD.ARP:DSD_AGR_POLIND@DF_POL(1.1),PHL,A,BP_OPWLSH,CPC_EX_TO,PT_SUPP_E_PRDC,2020,0.0,2,,,
OECD.TAD.ARP:DSD_AGR_POLIND@DF_POL(1.1),PHL,A,BP_OPWLSH,CPC_EX_TO,PT_SUPP_E_PRDC,2021,0.0,2,,,
OECD.TAD.ARP:DSD_AGR_POLIND@DF_POL(1.1),PHL,A,BP_OPWLSH,CPC_EX_TO,PT_SUPP_E_PRDC,2022,0.0,2,,,
OECD.TAD.ARP:DSD_AGR_POLIND@DF_POL(1.1),PHL,A,BP_OPWLSH,CPC_EX_TO,PT_SUPP_E_PRDC,2023,0.0,2,,,
OECD.TAD.ARP:DSD_AGR_POLIND@DF_POL(1.1),USA,A,BPICSH,CPC_EX_TO,PT_SUPP_E_PRDC,2023,70.5852,2,,,
OECD.TAD.ARP:DSD_AGR_POLIND@DF_POL(1.1),USA,A,BPICSH,CPC_EX_TO,PT_SUPP_E_PRDC,2014,62.6323,2,,,
OECD.TAD.ARP:DSD_AGR_POLIND@DF_POL(1.1),USA,A,BPICSH,CPC_EX_TO,PT_SUPP_E_PRDC,2015,60.7652,2,,,
OECD.TAD.ARP:DSD_AGR_POLIND@DF_POL(1.1),USA,A,BPICSH,CPC_EX_TO,PT_SUPP_E_PRDC,2016,59.353,2,,,
OECD.TAD.ARP:DSD_AGR_POLIND@DF_POL(1.1),USA,A,BPICSH,CPC_EX_TO,PT_SUPP_E_PRDC,2017,60.9546,2,,,
OECD.TAD.ARP:DSD_AGR_POLIND@DF_POL(1.1),USA,A,BPICSH,CPC_EX_TO,PT_SUPP_E_PRDC,2018,77.9484,2,,,
OECD.TAD.ARP:DSD_AGR_POLIND@DF_POL(1.1),USA,A,BPICSH,CPC_EX_TO,PT_SUPP_E_PRDC,2019,78.7874,2,,,
OECD.TAD.ARP:DSD_AGR_POLIND@DF_POL(1.1),USA,A,BPICSH,CPC_EX_TO,PT_SUPP_E_PRDC,2020,77.7539,2,,,
OECD.TAD.ARP:DSD_AGR_POLIND@DF_POL(1.1),USA,A,BPICSH,CPC_EX_TO,PT_SUPP_E_PRDC,2021,83.0468,2,,,
OECD.TAD.ARP:DSD_AGR_POLIND@DF_POL(1.1),USA,A,BPICSH,CPC_EX_TO,PT_SUPP_E_PRDC,2022,75.244,2,,,
OECD.TAD.ARP:DSD_AGR_POLIND@DF_POL(1.1),COL,A,BP_OPWLSH,CPC_EX_TO,PT_SUPP_E_PRDC,2017,0.0,2,,,
OECD.TAD.ARP:DSD_AGR_POLIND@DF_POL(1.1),COL,A,BP_OPWLSH,CPC_EX_TO,PT_SUPP_E_PRDC,2018,0.0,2,,,
OECD.TAD.ARP:DSD_AGR_POLIND@DF_POL(1.1),COL,A,BP_OPWLSH,CPC_EX_TO,PT_SUPP_E_PRDC,2019,1.6578,2,,,
OECD.TAD.ARP:DSD_AGR_POLIND@DF_POL(1.1),COL,A,BP_OPWLSH,CPC_EX_TO,PT_SUPP_E_PRDC,2020,1.5632,2,,,
OECD.TAD.ARP:DSD_AGR_POLIND@DF_POL(1.1),COL,A,BP_OPWLSH,CPC_EX_TO,PT_SUPP_E_PRDC,2021,5.9774,2,,,
OECD.TAD.ARP:DSD_AGR_POLIND@DF_POL(1.1),COL,A,BP_OPWLSH,CPC_EX_TO,PT_SUPP_E_PRDC,2022,4.9073,2,,,
OECD.TAD.ARP:DSD_AGR_POLIND@DF_POL(1.1),COL,A,BP_OPWLSH,CPC_EX_TO,PT_SUPP_E_PRDC,2023,5.6026,2,,,
OECD.TAD.ARP:DSD_AGR_POLIND@DF_POL(1.1),COL,A,BP_OPWLSH,CPC_EX_TO,PT_SUPP_E_PRDC,2014,0.2868,2,,,
OECD.TAD.ARP:DSD_AGR_POLIND@DF_POL(1.1),COL,A,BP_OPWLSH,CPC_EX_TO,PT_SUPP_E_PRDC,2015,0.0,2,,,
OECD.TAD.ARP:DSD_AGR_POLIND@DF_POL(1.1),COL,A,BP_OPWLSH,CPC_EX_TO,PT_SUPP_E_PRDC,2016,0.2175,2,,,
OECD.TAD.ARP:DSD_AGR_POLIND@DF_POL(1.1),NOR,A,BPICSH,CPC_EX_TO,PT_SUPP_E_PRDC,2023,39.0444,2,,,
OECD.TAD.ARP:DSD_AGR_POLIND@DF_POL(1.1),NOR,A,BPICSH,CPC_EX_TO,PT_SUPP_E_PRDC,2014,28.4222,2,,,
OECD.TAD.ARP:DSD_AGR_POLIND@DF_POL(1.1),NOR,A,BPICSH,CPC_EX_TO,PT_SUPP_E_PRDC,2015,27.2697,2,,,
OECD.TAD.ARP:DSD_AGR_POLIND@DF_POL(1.1),NOR,A,BPICSH,CPC_EX_TO,PT_SUPP_E_PRDC,2016,25.1689,2,,,
OECD.TAD.ARP:DSD_AGR_POLIND@DF_POL(1.1),NOR,A,BPICSH,CPC_EX_TO,PT_SUPP_E_PRDC,2017,26.8075,2,,,
OECD.TAD.ARP:DSD_AGR_POLIND@DF_POL(1.1),NOR,A,BPICSH,CPC_EX_TO,PT_SUPP_E_PRDC,2018,26.5699,2,,,
OECD.TAD.ARP:DSD_AGR_POLIND@DF_POL(1.1),NOR,A,BPICSH,CPC_EX_TO,PT_SUPP_E_PRDC,2019,28.5426,2,,,
OECD.TAD.ARP:DSD_AGR_POLIND@DF_POL(1.1),NOR,A,BPICSH,CPC_EX_TO,PT_SUPP_E_PRDC,2020,29.5204,2,,,
OECD.TAD.ARP:DSD_AGR_POLIND@DF_POL(1.1),NOR,A,BPICSH,CPC_EX_TO,PT_SUPP_E_PRDC,2021,30.8573,2,,,
OECD.TAD.ARP:DSD_AGR_POLIND@DF_POL(1.1),NOR,A,BPICSH,CPC_EX_TO,PT_SUPP_E_PRDC,2022,32.2252,2,,,
OECD.TAD.ARP:DSD_AGR_POLIND@DF_POL(1.1),IND,A,BPICSH,CPC_EX_TO,PT_SUPP_E_PRDC,2018,0.0,2,,,
OECD.TAD.ARP:DSD_AGR_POLIND@DF_POL(1.1),IND,A,BPICSH,CPC_EX_TO,PT_SUPP_E_PRDC,2019,0.0,2,,,
OECD.TAD.ARP:DSD_AGR_POLIND@DF_POL(1.1),IND,A,BPICSH,CPC_EX_TO,PT_SUPP_E_PRDC,2020,0.0,2,,,
OECD.TAD.ARP:DSD_AGR_POLIND@DF_POL(1.1),IND,A,BPICSH,CPC_EX_TO,PT_SUPP_E_PRDC,2021,,2,N,,
OECD.TAD.ARP:DSD_AGR_POLIND@DF_POL(1.1),IND,A,BPICSH,CPC_EX_TO,PT_SUPP_E_PRDC,2022,,2,N,,
OECD.TAD.ARP:DSD_AGR_POLIND@DF_POL(1.1),IND,A,BPICSH,CPC_EX_TO,PT_SUPP_E_PRDC,2023,,2,N,,
OECD.TAD.ARP:DSD_AGR_POLIND@DF_POL(1.1),IND,A,BPICSH,CPC_EX_TO,PT_SUPP_E_PRDC,2014,0.0,2,,,
OECD.TAD.ARP:DSD_AGR_POLIND@DF_POL(1.1),IND,A,BPICSH,CPC_EX_TO,PT_SUPP_E_PRDC,2015,0.0,2,,,
OECD.TAD.ARP:DSD_AGR_POLIND@DF_POL(1.1),IND,A,BPICSH,CPC_EX_TO,PT_SUPP_E_PRDC,2016,0.0,2,,,
OECD.TAD.ARP:DSD_AGR_POLIND@DF_POL(1.1),IND,A,BPICSH,CPC_EX_TO,PT_SUPP_E_PRDC,2017,0.0,2,,,
OECD.TAD.ARP:DSD_AGR_POLIND@DF_POL(1.1),MEX,A,BP_OPWLSH,CPC_EX_TO,PT_SUPP_E_PRDC,2017,15.1039,2,,,
OECD.TAD.ARP:DSD_AGR_POLIND@DF_POL(1.1),MEX,A,BP_OPWLSH,CPC_EX_TO,PT_SUPP_E_PRDC,2018,12.4218,2,,,
OECD.TAD.ARP:DSD_AGR_POLIND@DF_POL(1.1),MEX,A,BP_OPWLSH,CPC_EX_TO,PT_SUPP_E_PRDC,2019,23.7584,2,,,
OECD.TAD.ARP:DSD_AGR_POLIND@DF_POL(1.1),MEX,A,BP_OPWLSH,CPC_EX_TO,PT_SUPP_E_PRDC,2020,25.2543,2,,,
OECD.TAD.ARP:DSD_AGR_POLIND@DF_POL(1.1),MEX,A,BP_OPWLSH,CPC_EX_TO,PT_SUPP_E_PRDC,2021,28.345,2,,,
OECD.TAD.ARP:DSD_AGR_POLIND@DF_POL(1.1),MEX,A,BP_OPWLSH,CPC_EX_TO,PT_SUPP_E_PRDC,2022,41.7528,2,,,
OECD.TAD.ARP:DSD_AGR_POLIND@DF_POL(1.1),MEX,A,BP_OPWLSH,CPC_EX_TO,PT_SUPP_E_PRDC,2023,27.3726,2,,,
OECD.TAD.ARP:DSD_AGR_POLIND@DF_POL(1.1),MEX,A,BP_OPWLSH,CPC_EX_TO,PT_SUPP_E_PRDC,2014,26.1896,2,,,
OECD.TAD.ARP:DSD_AGR_POLIND@DF_POL(1.1),MEX,A,BP_OPWLSH,CPC_EX_TO,PT_SUPP_E_PRDC,2015,20.8256,2,,,
OECD.TAD.ARP:DSD_AGR_POLIND@DF_POL(1.1),MEX,A,BP_OPWLSH,CPC_EX_TO,PT_SUPP_E_PRDC,2016,20.2557,2,,,
OECD.TAD.ARP:DSD_AGR_POLIND@DF_POL(1.1),ISL,A,BPICSH,CPC_EX_TO,PT_SUPP_E_PRDC,2014,0.0,2,,,
OECD.TAD.ARP:DSD_AGR_POLIND@DF_POL(1.1),ISL,A,BPICSH,CPC_EX_TO,PT_SUPP_E_PRDC,2015,0.0,2,,,
OECD.TAD.ARP:DSD_AGR_POLIND@DF_POL(1.1),ISL,A,BPICSH,CPC_EX_TO,PT_SUPP_E_PRDC,2016,0.0,2,,,
OECD.TAD.ARP:DSD_AGR_POLIND@DF_POL(1.1),ISL,A,BPICSH,CPC_EX_TO,PT_SUPP_E_PRDC,2017,0.0,2,,,
OECD.TAD.ARP:DSD_AGR_POLIND@DF_POL(1.1),ISL,A,BPICSH,CPC_EX_TO,PT_SUPP_E_PRDC,2018,0.0,2,,,
OECD.TAD.ARP:DSD_AGR_POLIND@DF_POL(1.1),ISL,A,BPICSH,CPC_EX_TO,PT_SUPP_E_PRDC,2019,0.0,2,,,
OECD.TAD.ARP:DSD_AGR_POLIND@DF_POL(1.1),ISL,A,BPICSH,CPC_EX_TO,PT_SUPP_E_PRDC,2020,0.0,2,,,
OECD.TAD.ARP:DSD_AGR_POLIND@DF_POL(1.1),ISL,A,BPICSH,CPC_EX_TO,PT_SUPP_E_PRDC,2021,0.0,2,,,
OECD.TAD.ARP:DSD_AGR_POLIND@DF_POL(1.1),ISL,A,BPICSH,CPC_EX_TO,PT_SUPP_E_PRDC,2022,0.0,2,,,
OECD.TAD.ARP:DSD_AGR_POLIND@DF_POL(1.1),ISL,A,BPICSH,CPC_EX_TO,PT_SUPP_E_PRDC,2023,0.0,2,,,
OECD.TAD.ARP:DSD_AGR_POLIND@DF_POL(1.1),AUS,A,BP_OPWLSH,CPC_EX_TO,PT_SUPP_E_PRDC,2014,40.8426,2,,,
OECD.TAD.ARP:DSD_AGR_POLIND@DF_POL(1.1),AUS,A,BP_OPWLSH,CPC_EX_TO,PT_SUPP_E_PRDC,2015,35.7015,2,,,
OECD.TAD.ARP:DSD_AGR_POLIND@DF_POL(1.1),AUS,A,BP_OPWLSH,CPC_EX_TO,PT_SUPP_E_PRDC,2016,38.9876,2,,,
OECD.TAD.ARP:DSD_AGR_POLIND@DF_POL(1.1),AUS,A,BP_OPWLSH,CPC_EX_TO,PT_SUPP_E_PRDC,2017,36.5786,2,,,
OECD.TAD.ARP:DSD_AGR_POLIND@DF_POL(1.1),AUS,A,BP_OPWLSH,CPC_EX_TO,PT_SUPP_E_PRDC,2018,28.8285,2,,,
OECD.TAD.ARP:DSD_AGR_POLIND@DF_POL(1.1),AUS,A,BP_OPWLSH,CPC_EX_TO,PT_SUPP_E_PRDC,2019,23.3323,2,,,
OECD.TAD.ARP:DSD_AGR_POLIND@DF_POL(1.1),AUS,A,BP_OPWLSH,CPC_EX_TO,PT_SUPP_E_PRDC,2020,33.653,2,,,
OECD.TAD.ARP:DSD_AGR_POLIND@DF_POL(1.1),AUS,A,BP_OPWLSH,CPC_EX_TO,PT_SUPP_E_PRDC,2021,28.845,2,,,
OECD.TAD.ARP:DSD_AGR_POLIND@DF_POL(1.1),AUS,A,BP_OPWLSH,CPC_EX_TO,PT_SUPP_E_PRDC,2022,24.083,2,,,
OECD.TAD.ARP:DSD_AGR_POLIND@DF_POL(1.1),AUS,A,BP_OPWLSH,CPC_EX_TO,PT_SUPP_E_PRDC,2023,23.0326,2,,,
OECD.TAD.ARP:DSD_AGR_POLIND@DF_POL(1.1),MEX,A,BPICSH,CPC_EX_TO,PT_SUPP_E_PRDC,2015,8.3009,2,,,
OECD.TAD.ARP:DSD_AGR_POLIND@DF_POL(1.1),MEX,A,BPICSH,CPC_EX_TO,PT_SUPP_E_PRDC,2014,12.2694,2,,,
OECD.TAD.ARP:DSD_AGR_POLIND@DF_POL(1.1),MEX,A,BPICSH,CPC_EX_TO,PT_SUPP_E_PRDC,2016,15.7697,2,,,
OECD.TAD.ARP:DSD_AGR_POLIND@DF_POL(1.1),MEX,A,BPICSH,CPC_EX_TO,PT_SUPP_E_PRDC,2017,10.353,2,,,
OECD.TAD.ARP:DSD_AGR_POLIND@DF_POL(1.1),MEX,A,BPICSH,CPC_EX_TO,PT_SUPP_E_PRDC,2018,10.6383,2,,,
OECD.TAD.ARP:DSD_AGR_POLIND@DF_POL(1.1),MEX,A,BPICSH,CPC_EX_TO,PT_SUPP_E_PRDC,2019,13.6492,2,,,
OECD.TAD.ARP:DSD_AGR_POLIND@DF_POL(1.1),MEX,A,BPICSH,CPC_EX_TO,PT_SUPP_E_PRDC,2020,17.3928,2,,,
OECD.TAD.ARP:DSD_AGR_POLIND@DF_POL(1.1),MEX,A,BPICSH,CPC_EX_TO,PT_SUPP_E_PRDC,2021,20.4304,2,,,
OECD.TAD.ARP:DSD_AGR_POLIND@DF_POL(1.1),MEX,A,BPICSH,CPC_EX_TO,PT_SUPP_E_PRDC,2022,27.7055,2,,,
OECD.TAD.ARP:DSD_AGR_POLIND@DF_POL(1.1),MEX,A,BPICSH,CPC_EX_TO,PT_SUPP_E_PRDC,2023,15.8021,2,,,
OECD.TAD.ARP:DSD_AGR_POLIND@DF_POL(1.1),ISR,A,BP_OPWLSH,CPC_EX_TO,PT_SUPP_E_PRDC,2023,1.3473,2,,,
OECD.TAD.ARP:DSD_AGR_POLIND@DF_POL(1.1),ISR,A,BP_OPWLSH,CPC_EX_TO,PT_SUPP_E_PRDC,2014,3.3253,2,,,
OECD.TAD.ARP:DSD_AGR_POLIND@DF_POL(1.1),ISR,A,BP_OPWLSH,CPC_EX_TO,PT_SUPP_E_PRDC,2015,2.3111,2,,,
OECD.TAD.ARP:DSD_AGR_POLIND@DF_POL(1.1),ISR,A,BP_OPWLSH,CPC_EX_TO,PT_SUPP_E_PRDC,2016,1.9738,2,,,
OECD.TAD.ARP:DSD_AGR_POLIND@DF_POL(1.1),ISR,A,BP_OPWLSH,CPC_EX_TO,PT_SUPP_E_PRDC,2017,2.4172,2,,,
OECD.TAD.ARP:DSD_AGR_POLIND@DF_POL(1.1),ISR,A,BP_OPWLSH,CPC_EX_TO,PT_SUPP_E_PRDC,2018,4.2371,2,,,
OECD.TAD.ARP:DSD_AGR_POLIND@DF_POL(1.1),ISR,A,BP_OPWLSH,CPC_EX_TO,PT_SUPP_E_PRDC,2019,2.1922,2,,,
OECD.TAD.ARP:DSD_AGR_POLIND@DF_POL(1.1),ISR,A,BP_OPWLSH,CPC_EX_TO,PT_SUPP_E_PRDC,2020,1.9777,2,,,
OECD.TAD.ARP:DSD_AGR_POLIND@DF_POL(1.1),ISR,A,BP_OPWLSH,CPC_EX_TO,PT_SUPP_E_PRDC,2021,2.0181,2,,,
OECD.TAD.ARP:DSD_AGR_POLIND@DF_POL(1.1),ISR,A,BP_OPWLSH,CPC_EX_TO,PT_SUPP_E_PRDC,2022,1.8676,2,,,
OECD.TAD.ARP:DSD_AGR_POLIND@DF_POL(1.1),ARG,A,BP_OPWLSH,CPC_EX_TO,PT_SUPP_E_PRDC,2014,,2,N,,
OECD.TAD.ARP:DSD_AGR_POLIND@DF_POL(1.1),ARG,A,BP_OPWLSH,CPC_EX_TO,PT_SUPP_E_PRDC,2015,,2,N,,
OECD.TAD.ARP:DSD_AGR_POLIND@DF_POL(1.1),ARG,A,BP_OPWLSH,CPC_EX_TO,PT_SUPP_E_PRDC,2016,,2,N,,
OECD.TAD.ARP:DSD_AGR_POLIND@DF_POL(1.1),ARG,A,BP_OPWLSH,CPC_EX_TO,PT_SUPP_E_PRDC,2017,,2,N,,
OECD.TAD.ARP:DSD_AGR_POLIND@DF_POL(1.1),ARG,A,BP_OPWLSH,CPC_EX_TO,PT_SUPP_E_PRDC,2018,,2,N,,
OECD.TAD.ARP:DSD_AGR_POLIND@DF_POL(1.1),ARG,A,BP_OPWLSH,CPC_EX_TO,PT_SUPP_E_PRDC,2019,,2,N,,
OECD.TAD.ARP:DSD_AGR_POLIND@DF_POL(1.1),ARG,A,BP_OPWLSH,CPC_EX_TO,PT_SUPP_E_PRDC,2020,,2,N,,
OECD.TAD.ARP:DSD_AGR_POLIND@DF_POL(1.1),ARG,A,BP_OPWLSH,CPC_EX_TO,PT_SUPP_E_PRDC,2021,,2,N,,
OECD.TAD.ARP:DSD_AGR_POLIND@DF_POL(1.1),ARG,A,BP_OPWLSH,CPC_EX_TO,PT_SUPP_E_PRDC,2022,,2,N,,
OECD.TAD.ARP:DSD_AGR_POLIND@DF_POL(1.1),ARG,A,BP_OPWLSH,CPC_EX_TO,PT_SUPP_E_PRDC,2023,,2,N,,
OECD.TAD.ARP:DSD_AGR_POLIND@DF_POL(1.1),UKR,A,BP_OPWLSH,CPC_EX_TO,PT_SUPP_E_PRDC,2014,0.0,2,,,
OECD.TAD.ARP:DSD_AGR_POLIND@DF_POL(1.1),UKR,A,BP_OPWLSH,CPC_EX_TO,PT_SUPP_E_PRDC,2015,0.0,2,,,
OECD.TAD.ARP:DSD_AGR_POLIND@DF_POL(1.1),UKR,A,BP_OPWLSH,CPC_EX_TO,PT_SUPP_E_PRDC,2016,0.0,2,,,
OECD.TAD.ARP:DSD_AGR_POLIND@DF_POL(1.1),UKR,A,BP_OPWLSH,CPC_EX_TO,PT_SUPP_E_PRDC,2017,0.0,2,,,
OECD.TAD.ARP:DSD_AGR_POLIND@DF_POL(1.1),UKR,A,BP_OPWLSH,CPC_EX_TO,PT_SUPP_E_PRDC,2018,0.3942,2,,,
OECD.TAD.ARP:DSD_AGR_POLIND@DF_POL(1.1),UKR,A,BP_OPWLSH,CPC_EX_TO,PT_SUPP_E_PRDC,2019,0.3142,2,,,
OECD.TAD.ARP:DSD_AGR_POLIND@DF_POL(1.1),UKR,A,BP_OPWLSH,CPC_EX_TO,PT_SUPP_E_PRDC,2020,0.4403,2,,,
OECD.TAD.ARP:DSD_AGR_POLIND@DF_POL(1.1),UKR,A,BP_OPWLSH,CPC_EX_TO,PT_SUPP_E_PRDC,2021,,2,N,,
OECD.TAD.ARP:DSD_AGR_POLIND@DF_POL(1.1),UKR,A,BP_OPWLSH,CPC_EX_TO,PT_SUPP_E_PRDC,2022,,2,N,,
OECD.TAD.ARP:DSD_AGR_POLIND@DF_POL(1.1),UKR,A,BP_OPWLSH,CPC_EX_TO,PT_SUPP_E_PRDC,2023,0.0,2,,,
OECD.TAD.ARP:DSD_AGR_POLIND@DF_POL(1.1),GBR,A,BP_OPWLSH,CPC_EX_TO,PT_SUPP_E_PRDC,2023,34.8424,2,,,
OECD.TAD.ARP:DSD_AGR_POLIND@DF_POL(1.1),GBR,A,BP_OPWLSH,CPC_EX_TO,PT_SUPP_E_PRDC,2014,,2,N,,
OECD.TAD.ARP:DSD_AGR_POLIND@DF_POL(1.1),GBR,A,BP_OPWLSH,CPC_EX_TO,PT_SUPP_E_PRDC,2015,,2,N,,
OECD.TAD.ARP:DSD_AGR_POLIND@DF_POL(1.1),GBR,A,BP_OPWLSH,CPC_EX_TO,PT_SUPP_E_PRDC,2016,,2,N,,
OECD.TAD.ARP:DSD_AGR_POLIND@DF_POL(1.1),GBR,A,BP_OPWLSH,CPC_EX_TO,PT_SUPP_E_PRDC,2017,52.8334,2,,,
OECD.TAD.ARP:DSD_AGR_POLIND@DF_POL(1.1),GBR,A,BP_OPWLSH,CPC_EX_TO,PT_SUPP_E_PRDC,2018,50.7705,2,,,
OECD.TAD.ARP:DSD_AGR_POLIND@DF_POL(1.1),GBR,A,BP_OPWLSH,CPC_EX_TO,PT_SUPP_E_PRDC,2019,50.9568,2,,,
OECD.TAD.ARP:DSD_AGR_POLIND@DF_POL(1.1),GBR,A,BP_OPWLSH,CPC_EX_TO,PT_SUPP_E_PRDC,2020,53.239,2,,,
OECD.TAD.ARP:DSD_AGR_POLIND@DF_POL(1.1),GBR,A,BP_OPWLSH,CPC_EX_TO,PT_SUPP_E_PRDC,2021,39.3533,2,,,
OECD.TAD.ARP:DSD_AGR_POLIND@DF_POL(1.1),GBR,A,BP_OPWLSH,CPC_EX_TO,PT_SUPP_E_PRDC,2022,42.8354,2,,,
OECD.TAD.ARP:DSD_AGR_POLIND@DF_POL(1.1),ARG,A,BPICSH,CPC_EX_TO,PT_SUPP_E_PRDC,2020,0.0,2,,,
OECD.TAD.ARP:DSD_AGR_POLIND@DF_POL(1.1),ARG,A,BPICSH,CPC_EX_TO,PT_SUPP_E_PRDC,2021,,2,N,,
OECD.TAD.ARP:DSD_AGR_POLIND@DF_POL(1.1),ARG,A,BPICSH,CPC_EX_TO,PT_SUPP_E_PRDC,2022,,2,N,,
OECD.TAD.ARP:DSD_AGR_POLIND@DF_POL(1.1),ARG,A,BPICSH,CPC_EX_TO,PT_SUPP_E_PRDC,2023,,2,N,,
OECD.TAD.ARP:DSD_AGR_POLIND@DF_POL(1.1),ARG,A,BPICSH,CPC_EX_TO,PT_SUPP_E_PRDC,2014,0.0,2,,,
OECD.TAD.ARP:DSD_AGR_POLIND@DF_POL(1.1),ARG,A,BPICSH,CPC_EX_TO,PT_SUPP_E_PRDC,2015,0.0,2,,,
OECD.TAD.ARP:DSD_AGR_POLIND@DF_POL(1.1),ARG,A,BPICSH,CPC_EX_TO,PT_SUPP_E_PRDC,2016,0.0,2,,,
OECD.TAD.ARP:DSD_AGR_POLIND@DF_POL(1.1),ARG,A,BPICSH,CPC_EX_TO,PT_SUPP_E_PRDC,2017,0.0,2,,,
OECD.TAD.ARP:DSD_AGR_POLIND@DF_POL(1.1),ARG,A,BPICSH,CPC_EX_TO,PT_SUPP_E_PRDC,2018,0.0,2,,,
OECD.TAD.ARP:DSD_AGR_POLIND@DF_POL(1.1),ARG,A,BPICSH,CPC_EX_TO,PT_SUPP_E_PRDC,2019,0.0,2,,,
OECD.TAD.ARP:DSD_AGR_POLIND@DF_POL(1.1),ISL,A,BP_OPWLSH,CPC_EX_TO,PT_SUPP_E_PRDC,2017,40.7032,2,,,
OECD.TAD.ARP:DSD_AGR_POLIND@DF_POL(1.1),ISL,A,BP_OPWLSH,CPC_EX_TO,PT_SUPP_E_PRDC,2018,37.686,2,,,
OECD.TAD.ARP:DSD_AGR_POLIND@DF_POL(1.1),ISL,A,BP_OPWLSH,CPC_EX_TO,PT_SUPP_E_PRDC,2019,36.3958,2,,,
OECD.TAD.ARP:DSD_AGR_POLIND@DF_POL(1.1),ISL,A,BP_OPWLSH,CPC_EX_TO,PT_SUPP_E_PRDC,2020,37.5875,2,,,
OECD.TAD.ARP:DSD_AGR_POLIND@DF_POL(1.1),ISL,A,BP_OPWLSH,CPC_EX_TO,PT_SUPP_E_PRDC,2021,44.279,2,,,
OECD.TAD.ARP:DSD_AGR_POLIND@DF_POL(1.1),ISL,A,BP_OPWLSH,CPC_EX_TO,PT_SUPP_E_PRDC,2022,49.2547,2,,,
OECD.TAD.ARP:DSD_AGR_POLIND@DF_POL(1.1),ISL,A,BP_OPWLSH,CPC_EX_TO,PT_SUPP_E_PRDC,2023,47.7904,2,,,
OECD.TAD.ARP:DSD_AGR_POLIND@DF_POL(1.1),ISL,A,BP_OPWLSH,CPC_EX_TO,PT_SUPP_E_PRDC,2014,44.6663,2,,,
OECD.TAD.ARP:DSD_AGR_POLIND@DF_POL(1.1),ISL,A,BP_OPWLSH,CPC_EX_TO,PT_SUPP_E_PRDC,2015,39.3202,2,,,
OECD.TAD.ARP:DSD_AGR_POLIND@DF_POL(1.1),ISL,A,BP_OPWLSH,CPC_EX_TO,PT_SUPP_E_PRDC,2016,37.4042,2,,,
OECD.TAD.ARP:DSD_AGR_POLIND@DF_POL(1.1),CRI,A,BP_OPWLSH,CPC_EX_TO,PT_SUPP_E_PRDC,2014,0.0,2,,,
OECD.TAD.ARP:DSD_AGR_POLIND@DF_POL(1.1),CRI,A,BP_OPWLSH,CPC_EX_TO,PT_SUPP_E_PRDC,2015,0.0,2,,,
OECD.TAD.ARP:DSD_AGR_POLIND@DF_POL(1.1),CRI,A,BP_OPWLSH,CPC_EX_TO,PT_SUPP_E_PRDC,2016,0.0,2,,,
OECD.TAD.ARP:DSD_AGR_POLIND@DF_POL(1.1),CRI,A,BP_OPWLSH,CPC_EX_TO,PT_SUPP_E_PRDC,2017,0.0,2,,,
OECD.TAD.ARP:DSD_AGR_POLIND@DF_POL(1.1),CRI,A,BP_OPWLSH,CPC_EX_TO,PT_SUPP_E_PRDC,2018,0.0,2,,,
OECD.TAD.ARP:DSD_AGR_POLIND@DF_POL(1.1),CRI,A,BP_OPWLSH,CPC_EX_TO,PT_SUPP_E_PRDC,2019,0.0,2,,,
OECD.TAD.ARP:DSD_AGR_POLIND@DF_POL(1.1),CRI,A,BP_OPWLSH,CPC_EX_TO,PT_SUPP_E_PRDC,2020,0.0,2,,,
OECD.TAD.ARP:DSD_AGR_POLIND@DF_POL(1.1),CRI,A,BP_OPWLSH,CPC_EX_TO,PT_SUPP_E_PRDC,2021,0.0,2,,,
OECD.TAD.ARP:DSD_AGR_POLIND@DF_POL(1.1),CRI,A,BP_OPWLSH,CPC_EX_TO,PT_SUPP_E_PRDC,2022,0.0,2,,,
OECD.TAD.ARP:DSD_AGR_POLIND@DF_POL(1.1),CRI,A,BP_OPWLSH,CPC_EX_TO,PT_SUPP_E_PRDC,2023,0.0,2,,,
OECD.TAD.ARP:DSD_AGR_POLIND@DF_POL(1.1),JPN,A,BP_OPWLSH,CPC_EX_TO,PT_SUPP_E_PRDC,2023,2.5726,2,,,
OECD.TAD.ARP:DSD_AGR_POLIND@DF_POL(1.1),JPN,A,BP_OPWLSH,CPC_EX_TO,PT_SUPP_E_PRDC,2014,3.2998,2,,,
OECD.TAD.ARP:DSD_AGR_POLIND@DF_POL(1.1),JPN,A,BP_OPWLSH,CPC_EX_TO,PT_SUPP_E_PRDC,2015,4.2997,2,,,
OECD.TAD.ARP:DSD_AGR_POLIND@DF_POL(1.1),JPN,A,BP_OPWLSH,CPC_EX_TO,PT_SUPP_E_PRDC,2016,3.3943,2,,,
OECD.TAD.ARP:DSD_AGR_POLIND@DF_POL(1.1),JPN,A,BP_OPWLSH,CPC_EX_TO,PT_SUPP_E_PRDC,2017,3.3712,2,,,
OECD.TAD.ARP:DSD_AGR_POLIND@DF_POL(1.1),JPN,A,BP_OPWLSH,CPC_EX_TO,PT_SUPP_E_PRDC,2018,1.5548,2,,,
OECD.TAD.ARP:DSD_AGR_POLIND@DF_POL(1.1),JPN,A,BP_OPWLSH,CPC_EX_TO,PT_SUPP_E_PRDC,2019,1.6198,2,,,
OECD.TAD.ARP:DSD_AGR_POLIND@DF_POL(1.1),JPN,A,BP_OPWLSH,CPC_EX_TO,PT_SUPP_E_PRDC,2020,1.4709,2,,,
OECD.TAD.ARP:DSD_AGR_POLIND@DF_POL(1.1),JPN,A,BP_OPWLSH,CPC_EX_TO,PT_SUPP_E_PRDC,2021,2.0269,2,,,
OECD.TAD.ARP:DSD_AGR_POLIND@DF_POL(1.1),JPN,A,BP_OPWLSH,CPC_EX_TO,PT_SUPP_E_PRDC,2022,3.1284,2,,,
OECD.TAD.ARP:DSD_AGR_POLIND@DF_POL(1.1),AUS,A,BPICSH,CPC_EX_TO,PT_SUPP_E_PRDC,2015,19.8678,2,,,
OECD.TAD.ARP:DSD_AGR_POLIND@DF_POL(1.1),AUS,A,BPICSH,CPC_EX_TO,PT_SUPP_E_PRDC,2014,28.0401,2,,,
OECD.TAD.ARP:DSD_AGR_POLIND@DF_POL(1.1),AUS,A,BPICSH,CPC_EX_TO,PT_SUPP_E_PRDC,2016,18.849,2,,,
OECD.TAD.ARP:DSD_AGR_POLIND@DF_POL(1.1),AUS,A,BPICSH,CPC_EX_TO,PT_SUPP_E_PRDC,2017,19.4751,2,,,
OECD.TAD.ARP:DSD_AGR_POLIND@DF_POL(1.1),AUS,A,BPICSH,CPC_EX_TO,PT_SUPP_E_PRDC,2018,5.0175,2,,,
OECD.TAD.ARP:DSD_AGR_POLIND@DF_POL(1.1),AUS,A,BPICSH,CPC_EX_TO,PT_SUPP_E_PRDC,2019,1.7085,2,,,
OECD.TAD.ARP:DSD_AGR_POLIND@DF_POL(1.1),AUS,A,BPICSH,CPC_EX_TO,PT_SUPP_E_PRDC,2020,3.7192,2,,,
OECD.TAD.ARP:DSD_AGR_POLIND@DF_POL(1.1),AUS,A,BPICSH,CPC_EX_TO,PT_SUPP_E_PRDC,2021,2.2545,2,,,
OECD.TAD.ARP:DSD_AGR_POLIND@DF_POL(1.1),AUS,A,BPICSH,CPC_EX_TO,PT_SUPP_E_PRDC,2022,1.6376,2,,,
OECD.TAD.ARP:DSD_AGR_POLIND@DF_POL(1.1),AUS,A,BPICSH,CPC_EX_TO,PT_SUPP_E_PRDC,2023,1.6605,2,,,
OECD.TAD.ARP:DSD_AGR_POLIND@DF_POL(1.1),JPN,A,BPICSH,CPC_EX_TO,PT_SUPP_E_PRDC,2015,17.0192,2,,,
OECD.TAD.ARP:DSD_AGR_POLIND@DF_POL(1.1),JPN,A,BPICSH,CPC_EX_TO,PT_SUPP_E_PRDC,2016,14.7397,2,,,
OECD.TAD.ARP:DSD_AGR_POLIND@DF_POL(1.1),JPN,A,BPICSH,CPC_EX_TO,PT_SUPP_E_PRDC,2017,14.2886,2,,,
OECD.TAD.ARP:DSD_AGR_POLIND@DF_POL(1.1),JPN,A,BPICSH,CPC_EX_TO,PT_SUPP_E_PRDC,2018,14.7731,2,,,
OECD.TAD.ARP:DSD_AGR_POLIND@DF_POL(1.1),JPN,A,BPICSH,CPC_EX_TO,PT_SUPP_E_PRDC,2019,14.5067,2,,,
OECD.TAD.ARP:DSD_AGR_POLIND@DF_POL(1.1),JPN,A,BPICSH,CPC_EX_TO,PT_SUPP_E_PRDC,2020,18.0467,2,,,
OECD.TAD.ARP:DSD_AGR_POLIND@DF_POL(1.1),JPN,A,BPICSH,CPC_EX_TO,PT_SUPP_E_PRDC,2021,18.2378,2,,,
OECD.TAD.ARP:DSD_AGR_POLIND@DF_POL(1.1),JPN,A,BPICSH,CPC_EX_TO,PT_SUPP_E_PRDC,2022,23.028,2,,,
OECD.TAD.ARP:DSD_AGR_POLIND@DF_POL(1.1),JPN,A,BPICSH,CPC_EX_TO,PT_SUPP_E_PRDC,2023,24.1491,2,,,
OECD.TAD.ARP:DSD_AGR_POLIND@DF_POL(1.1),JPN,A,BPICSH,CPC_EX_TO,PT_SUPP_E_PRDC,2014,14.3617,2,,,
OECD.TAD.ARP:DSD_AGR_POLIND@DF_POL(1.1),VNM,A,BPICSH,CPC_EX_TO,PT_SUPP_E_PRDC,2014,0.0,2,,,
OECD.TAD.ARP:DSD_AGR_POLIND@DF_POL(1.1),VNM,A,BPICSH,CPC_EX_TO,PT_SUPP_E_PRDC,2015,0.0,2,,,
OECD.TAD.ARP:DSD_AGR_POLIND@DF_POL(1.1),VNM,A,BPICSH,CPC_EX_TO,PT_SUPP_E_PRDC,2016,0.0,2,,,
OECD.TAD.ARP:DSD_AGR_POLIND@DF_POL(1.1),VNM,A,BPICSH,CPC_EX_TO,PT_SUPP_E_PRDC,2017,0.0,2,,,
OECD.TAD.ARP:DSD_AGR_POLIND@DF_POL(1.1),VNM,A,BPICSH,CPC_EX_TO,PT_SUPP_E_PRDC,2018,0.0,2,,,
OECD.TAD.ARP:DSD_AGR_POLIND@DF_POL(1.1),VNM,A,BPICSH,CPC_EX_TO,PT_SUPP_E_PRDC,2019,0.0,2,,,
OECD.TAD.ARP:DSD_AGR_POLIND@DF_POL(1.1),VNM,A,BPICSH,CPC_EX_TO,PT_SUPP_E_PRDC,2020,0.0,2,,,
OECD.TAD.ARP:DSD_AGR_POLIND@DF_POL(1.1),VNM,A,BPICSH,CPC_EX_TO,PT_SUPP_E_PRDC,2021,,2,N,,
OECD.TAD.ARP:DSD_AGR_POLIND@DF_POL(1.1),VNM,A,BPICSH,CPC_EX_TO,PT_SUPP_E_PRDC,2022,,2,N,,
OECD.TAD.ARP:DSD_AGR_POLIND@DF_POL(1.1),VNM,A,BPICSH,CPC_EX_TO,PT_SUPP_E_PRDC,2023,,2,N,,
OECD.TAD.ARP:DSD_AGR_POLIND@DF_POL(1.1),UKR,A,BPICSH,CPC_EX_TO,PT_SUPP_E_PRDC,2018,0.0,2,,,
OECD.TAD.ARP:DSD_AGR_POLIND@DF_POL(1.1),USA,A,BP_OPWLSH,CPC_EX_TO,PT_SUPP_E_PRDC,2015,58.0445,2,,,
OECD.TAD.ARP:DSD_AGR_POLIND@DF_POL(1.1),UKR,A,BPICSH,CPC_EX_TO,PT_SUPP_E_PRDC,2019,0.0,2,,,
OECD.TAD.ARP:DSD_AGR_POLIND@DF_POL(1.1),UKR,A,BPICSH,CPC_EX_TO,PT_SUPP_E_PRDC,2020,0.0,2,,,
OECD.TAD.ARP:DSD_AGR_POLIND@DF_POL(1.1),UKR,A,BPICSH,CPC_EX_TO,PT_SUPP_E_PRDC,2021,,2,N,,
OECD.TAD.ARP:DSD_AGR_POLIND@DF_POL(1.1),UKR,A,BPICSH,CPC_EX_TO,PT_SUPP_E_PRDC,2022,,2,N,,
OECD.TAD.ARP:DSD_AGR_POLIND@DF_POL(1.1),UKR,A,BPICSH,CPC_EX_TO,PT_SUPP_E_PRDC,2023,0.0,2,,,
OECD.TAD.ARP:DSD_AGR_POLIND@DF_POL(1.1),UKR,A,BPICSH,CPC_EX_TO,PT_SUPP_E_PRDC,2014,0.0,2,,,
OECD.TAD.ARP:DSD_AGR_POLIND@DF_POL(1.1),UKR,A,BPICSH,CPC_EX_TO,PT_SUPP_E_PRDC,2015,0.0,2,,,
OECD.TAD.ARP:DSD_AGR_POLIND@DF_POL(1.1),UKR,A,BPICSH,CPC_EX_TO,PT_SUPP_E_PRDC,2016,0.0,2,,,
OECD.TAD.ARP:DSD_AGR_POLIND@DF_POL(1.1),UKR,A,BPICSH,CPC_EX_TO,PT_SUPP_E_PRDC,2017,0.0,2,,,
OECD.TAD.ARP:DSD_AGR_POLIND@DF_POL(1.1),USA,A,BP_OPWLSH,CPC_EX_TO,PT_SUPP_E_PRDC,2016,54.8376,2,,,
OECD.TAD.ARP:DSD_AGR_POLIND@DF_POL(1.1),USA,A,BP_OPWLSH,CPC_EX_TO,PT_SUPP_E_PRDC,2017,43.2924,2,,,
OECD.TAD.ARP:DSD_AGR_POLIND@DF_POL(1.1),USA,A,BP_OPWLSH,CPC_EX_TO,PT_SUPP_E_PRDC,2018,62.4004,2,,,
OECD.TAD.ARP:DSD_AGR_POLIND@DF_POL(1.1),USA,A,BP_OPWLSH,CPC_EX_TO,PT_SUPP_E_PRDC,2019,62.6225,2,,,
OECD.TAD.ARP:DSD_AGR_POLIND@DF_POL(1.1),USA,A,BP_OPWLSH,CPC_EX_TO,PT_SUPP_E_PRDC,2020,60.1902,2,,,
OECD.TAD.ARP:DSD_AGR_POLIND@DF_POL(1.1),USA,A,BP_OPWLSH,CPC_EX_TO,PT_SUPP_E_PRDC,2021,66.6176,2,,,
OECD.TAD.ARP:DSD_AGR_POLIND@DF_POL(1.1),USA,A,BP_OPWLSH,CPC_EX_TO,PT_SUPP_E_PRDC,2022,47.9759,2,,,
OECD.TAD.ARP:DSD_AGR_POLIND@DF_POL(1.1),USA,A,BP_OPWLSH,CPC_EX_TO,PT_SUPP_E_PRDC,2023,39.9114,2,,,
OECD.TAD.ARP:DSD_AGR_POLIND@DF_POL(1.1),USA,A,BP_OPWLSH,CPC_EX_TO,PT_SUPP_E_PRDC,2014,63.3648,2,,,
OECD.TAD.ARP:DSD_AGR_POLIND@DF_POL(1.1),IDN,A,BP_OPWLSH,CPC_EX_TO,PT_SUPP_E_PRDC,2014,0.0,2,,,
OECD.TAD.ARP:DSD_AGR_POLIND@DF_POL(1.1),IDN,A,BP_OPWLSH,CPC_EX_TO,PT_SUPP_E_PRDC,2015,0.0,2,,,
OECD.TAD.ARP:DSD_AGR_POLIND@DF_POL(1.1),IDN,A,BP_OPWLSH,CPC_EX_TO,PT_SUPP_E_PRDC,2016,0.0,2,,,
OECD.TAD.ARP:DSD_AGR_POLIND@DF_POL(1.1),IDN,A,BP_OPWLSH,CPC_EX_TO,PT_SUPP_E_PRDC,2017,0.0,2,,,
OECD.TAD.ARP:DSD_AGR_POLIND@DF_POL(1.1),IDN,A,BP_OPWLSH,CPC_EX_TO,PT_SUPP_E_PRDC,2018,0.0,2,,,
OECD.TAD.ARP:DSD_AGR_POLIND@DF_POL(1.1),IDN,A,BP_OPWLSH,CPC_EX_TO,PT_SUPP_E_PRDC,2019,0.0,2,,,
OECD.TAD.ARP:DSD_AGR_POLIND@DF_POL(1.1),IDN,A,BP_OPWLSH,CPC_EX_TO,PT_SUPP_E_PRDC,2020,0.0,2,,,
OECD.TAD.ARP:DSD_AGR_POLIND@DF_POL(1.1),IDN,A,BP_OPWLSH,CPC_EX_TO,PT_SUPP_E_PRDC,2021,,2,N,,
OECD.TAD.ARP:DSD_AGR_POLIND@DF_POL(1.1),IDN,A,BP_OPWLSH,CPC_EX_TO,PT_SUPP_E_PRDC,2022,,2,N,,
OECD.TAD.ARP:DSD_AGR_POLIND@DF_POL(1.1),IDN,A,BP_OPWLSH,CPC_EX_TO,PT_SUPP_E_PRDC,2023,0.0,2,,,
OECD.TAD.ARP:DSD_AGR_POLIND@DF_POL(1.1),CHE,A,BPICSH,CPC_EX_TO,PT_SUPP_E_PRDC,2023,45.0109,2,,,
OECD.TAD.ARP:DSD_AGR_POLIND@DF_POL(1.1),CHE,A,BPICSH,CPC_EX_TO,PT_SUPP_E_PRDC,2014,43.095,2,,,
OECD.TAD.ARP:DSD_AGR_POLIND@DF_POL(1.1),CHE,A,BPICSH,CPC_EX_TO,PT_SUPP_E_PRDC,2015,42.643,2,,,
OECD.TAD.ARP:DSD_AGR_POLIND@DF_POL(1.1),CHE,A,BPICSH,CPC_EX_TO,PT_SUPP_E_PRDC,2016,42.3199,2,,,
OECD.TAD.ARP:DSD_AGR_POLIND@DF_POL(1.1),CHE,A,BPICSH,CPC_EX_TO,PT_SUPP_E_PRDC,2017,45.1206,2,,,
OECD.TAD.ARP:DSD_AGR_POLIND@DF_POL(1.1),CHE,A,BPICSH,CPC_EX_TO,PT_SUPP_E_PRDC,2018,47.4119,2,,,
OECD.TAD.ARP:DSD_AGR_POLIND@DF_POL(1.1),CHE,A,BPICSH,CPC_EX_TO,PT_SUPP_E_PRDC,2019,46.5809,2,,,
OECD.TAD.ARP:DSD_AGR_POLIND@DF_POL(1.1),CHE,A,BPICSH,CPC_EX_TO,PT_SUPP_E_PRDC,2020,42.4458,2,,,
OECD.TAD.ARP:DSD_AGR_POLIND@DF_POL(1.1),CHE,A,BPICSH,CPC_EX_TO,PT_SUPP_E_PRDC,2021,46.1954,2,,,
OECD.TAD.ARP:DSD_AGR_POLIND@DF_POL(1.1),CHE,A,BPICSH,CPC_EX_TO,PT_SUPP_E_PRDC,2022,51.06,2,,,
OECD.TAD.ARP:DSD_AGR_POLIND@DF_POL(1.1),NZL,A,BPICSH,CPC_EX_TO,PT_SUPP_E_PRDC,2014,0.0,2,,,
OECD.TAD.ARP:DSD_AGR_POLIND@DF_POL(1.1),NZL,A,BPICSH,CPC_EX_TO,PT_SUPP_E_PRDC,2015,0.0,2,,,
OECD.TAD.ARP:DSD_AGR_POLIND@DF_POL(1.1),NZL,A,BPICSH,CPC_EX_TO,PT_SUPP_E_PRDC,2016,0.0,2,,,
OECD.TAD.ARP:DSD_AGR_POLIND@DF_POL(1.1),NZL,A,BPICSH,CPC_EX_TO,PT_SUPP_E_PRDC,2017,0.0,2,,,
OECD.TAD.ARP:DSD_AGR_POLIND@DF_POL(1.1),NZL,A,BPICSH,CPC_EX_TO,PT_SUPP_E_PRDC,2018,0.0,2,,,
OECD.TAD.ARP:DSD_AGR_POLIND@DF_POL(1.1),NZL,A,BPICSH,CPC_EX_TO,PT_SUPP_E_PRDC,2019,0.0,2,,,
OECD.TAD.ARP:DSD_AGR_POLIND@DF_POL(1.1),NZL,A,BPICSH,CPC_EX_TO,PT_SUPP_E_PRDC,2020,0.0,2,,,
OECD.TAD.ARP:DSD_AGR_POLIND@DF_POL(1.1),NZL,A,BPICSH,CPC_EX_TO,PT_SUPP_E_PRDC,2021,0.0,2,,,
OECD.TAD.ARP:DSD_AGR_POLIND@DF_POL(1.1),NZL,A,BPICSH,CPC_EX_TO,PT_SUPP_E_PRDC,2022,0.0,2,,,
OECD.TAD.ARP:DSD_AGR_POLIND@DF_POL(1.1),NZL,A,BPICSH,CPC_EX_TO,PT_SUPP_E_PRDC,2023,0.0,2,,,
OECD.TAD.ARP:DSD_AGR_POLIND@DF_POL(1.1),EU,A,BP_OPWLSH,CPC_EX_TO,PT_SUPP_E_PRDC,2015,57.614,2,,,
OECD.TAD.ARP:DSD_AGR_POLIND@DF_POL(1.1),EU,A,BP_OPWLSH,CPC_EX_TO,PT_SUPP_E_PRDC,2016,59.3755,2,,,
OECD.TAD.ARP:DSD_AGR_POLIND@DF_POL(1.1),EU,A,BP_OPWLSH,CPC_EX_TO,PT_SUPP_E_PRDC,2017,57.7879,2,,,
OECD.TAD.ARP:DSD_AGR_POLIND@DF_POL(1.1),EU,A,BP_OPWLSH,CPC_EX_TO,PT_SUPP_E_PRDC,2018,53.8851,2,,,
OECD.TAD.ARP:DSD_AGR_POLIND@DF_POL(1.1),EU,A,BP_OPWLSH,CPC_EX_TO,PT_SUPP_E_PRDC,2019,53.2626,2,,,
OECD.TAD.ARP:DSD_AGR_POLIND@DF_POL(1.1),EU,A,BP_OPWLSH,CPC_EX_TO,PT_SUPP_E_PRDC,2020,56.8308,2,,,
OECD.TAD.ARP:DSD_AGR_POLIND@DF_POL(1.1),EU,A,BP_OPWLSH,CPC_EX_TO,PT_SUPP_E_PRDC,2021,56.2789,2,,,
OECD.TAD.ARP:DSD_AGR_POLIND@DF_POL(1.1),EU,A,BP_OPWLSH,CPC_EX_TO,PT_SUPP_E_PRDC,2022,52.3171,2,,,
OECD.TAD.ARP:DSD_AGR_POLIND@DF_POL(1.1),EU,A,BP_OPWLSH,CPC_EX_TO,PT_SUPP_E_PRDC,2023,38.0794,2,,,
OECD.TAD.ARP:DSD_AGR_POLIND@DF_POL(1.1),EU,A,BP_OPWLSH,CPC_EX_TO,PT_SUPP_E_PRDC,2014,57.6108,2,,,
OECD.TAD.ARP:DSD_AGR_POLIND@DF_POL(1.1),KOR,A,BPICSH,CPC_EX_TO,PT_SUPP_E_PRDC,2015,4.4317,2,,,
OECD.TAD.ARP:DSD_AGR_POLIND@DF_POL(1.1),KOR,A,BPICSH,CPC_EX_TO,PT_SUPP_E_PRDC,2016,4.8713,2,,,
OECD.TAD.ARP:DSD_AGR_POLIND@DF_POL(1.1),KOR,A,BPICSH,CPC_EX_TO,PT_SUPP_E_PRDC,2017,4.2694,2,,,
OECD.TAD.ARP:DSD_AGR_POLIND@DF_POL(1.1),KOR,A,BPICSH,CPC_EX_TO,PT_SUPP_E_PRDC,2018,3.9377,2,,,
OECD.TAD.ARP:DSD_AGR_POLIND@DF_POL(1.1),KOR,A,BPICSH,CPC_EX_TO,PT_SUPP_E_PRDC,2019,4.2659,2,,,
OECD.TAD.ARP:DSD_AGR_POLIND@DF_POL(1.1),KOR,A,BPICSH,CPC_EX_TO,PT_SUPP_E_PRDC,2020,9.5829,2,,,
OECD.TAD.ARP:DSD_AGR_POLIND@DF_POL(1.1),KOR,A,BPICSH,CPC_EX_TO,PT_SUPP_E_PRDC,2021,8.0515,2,,,
OECD.TAD.ARP:DSD_AGR_POLIND@DF_POL(1.1),KOR,A,BPICSH,CPC_EX_TO,PT_SUPP_E_PRDC,2022,9.2524,2,,,
OECD.TAD.ARP:DSD_AGR_POLIND@DF_POL(1.1),KOR,A,BPICSH,CPC_EX_TO,PT_SUPP_E_PRDC,2023,10.6077,2,,,
OECD.TAD.ARP:DSD_AGR_POLIND@DF_POL(1.1),KOR,A,BPICSH,CPC_EX_TO,PT_SUPP_E_PRDC,2014,4.452,2,,,
OECD.TAD.ARP:DSD_AGR_POLIND@DF_POL(1.1),PHL,A,BPICSH,CPC_EX_TO,PT_SUPP_E_PRDC,2018,0.0,2,,,
OECD.TAD.ARP:DSD_AGR_POLIND@DF_POL(1.1),PHL,A,BPICSH,CPC_EX_TO,PT_SUPP_E_PRDC,2019,0.0,2,,,
OECD.TAD.ARP:DSD_AGR_POLIND@DF_POL(1.1),PHL,A,BPICSH,CPC_EX_TO,PT_SUPP_E_PRDC,2020,0.0,2,,,
OECD.TAD.ARP:DSD_AGR_POLIND@DF_POL(1.1),PHL,A,BPICSH,CPC_EX_TO,PT_SUPP_E_PRDC,2021,0.0,2,,,
OECD.TAD.ARP:DSD_AGR_POLIND@DF_POL(1.1),PHL,A,BPICSH,CPC_EX_TO,PT_SUPP_E_PRDC,2022,0.0,2,,,
OECD.TAD.ARP:DSD_AGR_POLIND@DF_POL(1.1),PHL,A,BPICSH,CPC_EX_TO,PT_SUPP_E_PRDC,2023,0.0,2,,,
OECD.TAD.ARP:DSD_AGR_POLIND@DF_POL(1.1),PHL,A,BPICSH,CPC_EX_TO,PT_SUPP_E_PRDC,2014,0.0,2,,,
OECD.TAD.ARP:DSD_AGR_POLIND@DF_POL(1.1),PHL,A,BPICSH,CPC_EX_TO,PT_SUPP_E_PRDC,2015,0.0,2,,,
OECD.TAD.ARP:DSD_AGR_POLIND@DF_POL(1.1),PHL,A,BPICSH,CPC_EX_TO,PT_SUPP_E_PRDC,2016,0.0,2,,,
OECD.TAD.ARP:DSD_AGR_POLIND@DF_POL(1.1),PHL,A,BPICSH,CPC_EX_TO,PT_SUPP_E_PRDC,2017,0.0,2,,,
OECD.TAD.ARP:DSD_AGR_POLIND@DF_POL(1.1),VNM,A,BP_OPWLSH,CPC_EX_TO,PT_SUPP_E_PRDC,2018,0.0,2,,,
OECD.TAD.ARP:DSD_AGR_POLIND@DF_POL(1.1),VNM,A,BP_OPWLSH,CPC_EX_TO,PT_SUPP_E_PRDC,2019,0.0,2,,,
OECD.TAD.ARP:DSD_AGR_POLIND@DF_POL(1.1),VNM,A,BP_OPWLSH,CPC_EX_TO,PT_SUPP_E_PRDC,2020,0.0,2,,,
OECD.TAD.ARP:DSD_AGR_POLIND@DF_POL(1.1),VNM,A,BP_OPWLSH,CPC_EX_TO,PT_SUPP_E_PRDC,2021,,2,N,,
OECD.TAD.ARP:DSD_AGR_POLIND@DF_POL(1.1),VNM,A,BP_OPWLSH,CPC_EX_TO,PT_SUPP_E_PRDC,2022,,2,N,,
OECD.TAD.ARP:DSD_AGR_POLIND@DF_POL(1.1),VNM,A,BP_OPWLSH,CPC_EX_TO,PT_SUPP_E_PRDC,2023,,2,N,,
OECD.TAD.ARP:DSD_AGR_POLIND@DF_POL(1.1),VNM,A,BP_OPWLSH,CPC_EX_TO,PT_SUPP_E_PRDC,2014,0.0,2,,,
OECD.TAD.ARP:DSD_AGR_POLIND@DF_POL(1.1),VNM,A,BP_OPWLSH,CPC_EX_TO,PT_SUPP_E_PRDC,2015,0.0,2,,,
OECD.TAD.ARP:DSD_AGR_POLIND@DF_POL(1.1),VNM,A,BP_OPWLSH,CPC_EX_TO,PT_SUPP_E_PRDC,2016,0.0,2,,,
OECD.TAD.ARP:DSD_AGR_POLIND@DF_POL(1.1),VNM,A,BP_OPWLSH,CPC_EX_TO,PT_SUPP_E_PRDC,2017,0.0,2,,,
OECD.TAD.ARP:DSD_AGR_POLIND@DF_POL(1.1),BRA,A,BPICSH,CPC_EX_TO,PT_SUPP_E_PRDC,2023,61.4657,2,,,
OECD.TAD.ARP:DSD_AGR_POLIND@DF_POL(1.1),BRA,A,BPICSH,CPC_EX_TO,PT_SUPP_E_PRDC,2014,85.9043,2,,,
OECD.TAD.ARP:DSD_AGR_POLIND@DF_POL(1.1),BRA,A,BPICSH,CPC_EX_TO,PT_SUPP_E_PRDC,2015,97.5925,2,,,
OECD.TAD.ARP:DSD_AGR_POLIND@DF_POL(1.1),BRA,A,BPICSH,CPC_EX_TO,PT_SUPP_E_PRDC,2016,62.226,2,,,
OECD.TAD.ARP:DSD_AGR_POLIND@DF_POL(1.1),BRA,A,BPICSH,CPC_EX_TO,PT_SUPP_E_PRDC,2017,85.5473,2,,,
OECD.TAD.ARP:DSD_AGR_POLIND@DF_POL(1.1),BRA,A,BPICSH,CPC_EX_TO,PT_SUPP_E_PRDC,2018,81.4352,2,,,
OECD.TAD.ARP:DSD_AGR_POLIND@DF_POL(1.1),BRA,A,BPICSH,CPC_EX_TO,PT_SUPP_E_PRDC,2019,95.8292,2,,,
OECD.TAD.ARP:DSD_AGR_POLIND@DF_POL(1.1),BRA,A,BPICSH,CPC_EX_TO,PT_SUPP_E_PRDC,2020,63.163,2,,,
OECD.TAD.ARP:DSD_AGR_POLIND@DF_POL(1.1),BRA,A,BPICSH,CPC_EX_TO,PT_SUPP_E_PRDC,2021,30.7217,2,,,
OECD.TAD.ARP:DSD_AGR_POLIND@DF_POL(1.1),BRA,A,BPICSH,CPC_EX_TO,PT_SUPP_E_PRDC,2022,44.5514,2,,,
OECD.TAD.ARP:DSD_AGR_POLIND@DF_POL(1.1),CHN,A,BP_OPWLSH,CPC_EX_TO,PT_SUPP_E_PRDC,2023,1.3671,2,,,
OECD.TAD.ARP:DSD_AGR_POLIND@DF_POL(1.1),CHN,A,BP_OPWLSH,CPC_EX_TO,PT_SUPP_E_PRDC,2014,0.5392,2,,,
OECD.TAD.ARP:DSD_AGR_POLIND@DF_POL(1.1),CHN,A,BP_OPWLSH,CPC_EX_TO,PT_SUPP_E_PRDC,2015,2.1963,2,,,
OECD.TAD.ARP:DSD_AGR_POLIND@DF_POL(1.1),CHN,A,BP_OPWLSH,CPC_EX_TO,PT_SUPP_E_PRDC,2016,2.2696,2,,,
OECD.TAD.ARP:DSD_AGR_POLIND@DF_POL(1.1),CHN,A,BP_OPWLSH,CPC_EX_TO,PT_SUPP_E_PRDC,2017,2.4643,2,,,
OECD.TAD.ARP:DSD_AGR_POLIND@DF_POL(1.1),CHN,A,BP_OPWLSH,CPC_EX_TO,PT_SUPP_E_PRDC,2018,2.4917,2,,,
OECD.TAD.ARP:DSD_AGR_POLIND@DF_POL(1.1),CHN,A,BP_OPWLSH,CPC_EX_TO,PT_SUPP_E_PRDC,2019,1.3715,2,,,
OECD.TAD.ARP:DSD_AGR_POLIND@DF_POL(1.1),CHN,A,BP_OPWLSH,CPC_EX_TO,PT_SUPP_E_PRDC,2020,1.5608,2,,,
OECD.TAD.ARP:DSD_AGR_POLIND@DF_POL(1.1),CHN,A,BP_OPWLSH,CPC_EX_TO,PT_SUPP_E_PRDC,2021,1.3025,2,,,
OECD.TAD.ARP:DSD_AGR_POLIND@DF_POL(1.1),CHN,A,BP_OPWLSH,CPC_EX_TO,PT_SUPP_E_PRDC,2022,1.3377,2,,,
OECD.TAD.ARP:DSD_AGR_POLIND@DF_POL(1.1),CHL,A,BPICSH,CPC_EX_TO,PT_SUPP_E_PRDC,2023,49.4018,2,,,
OECD.TAD.ARP:DSD_AGR_POLIND@DF_POL(1.1),CHL,A,BPICSH,CPC_EX_TO,PT_SUPP_E_PRDC,2014,39.9073,2,,,
OECD.TAD.ARP:DSD_AGR_POLIND@DF_POL(1.1),CHL,A,BPICSH,CPC_EX_TO,PT_SUPP_E_PRDC,2015,40.988,2,,,
OECD.TAD.ARP:DSD_AGR_POLIND@DF_POL(1.1),CHL,A,BPICSH,CPC_EX_TO,PT_SUPP_E_PRDC,2016,36.8215,2,,,
OECD.TAD.ARP:DSD_AGR_POLIND@DF_POL(1.1),CHL,A,BPICSH,CPC_EX_TO,PT_SUPP_E_PRDC,2017,42.1561,2,,,
OECD.TAD.ARP:DSD_AGR_POLIND@DF_POL(1.1),CHL,A,BPICSH,CPC_EX_TO,PT_SUPP_E_PRDC,2018,36.8902,2,,,
OECD.TAD.ARP:DSD_AGR_POLIND@DF_POL(1.1),CHL,A,BPICSH,CPC_EX_TO,PT_SUPP_E_PRDC,2019,40.4394,2,,,
OECD.TAD.ARP:DSD_AGR_POLIND@DF_POL(1.1),CHL,A,BPICSH,CPC_EX_TO,PT_SUPP_E_PRDC,2020,39.8353,2,,,
OECD.TAD.ARP:DSD_AGR_POLIND@DF_POL(1.1),CHL,A,BPICSH,CPC_EX_TO,PT_SUPP_E_PRDC,2021,37.3307,2,,,
OECD.TAD.ARP:DSD_AGR_POLIND@DF_POL(1.1),CHL,A,BPICSH,CPC_EX_TO,PT_SUPP_E_PRDC,2022,47.6187,2,,,
OECD.TAD.ARP:DSD_AGR_POLIND@DF_POL(1.1),ZAF,A,BP_OPWLSH,CPC_EX_TO,PT_SUPP_E_PRDC,2018,0.0,2,,,
OECD.TAD.ARP:DSD_AGR_POLIND@DF_POL(1.1),ZAF,A,BP_OPWLSH,CPC_EX_TO,PT_SUPP_E_PRDC,2019,0.0,2,,,
OECD.TAD.ARP:DSD_AGR_POLIND@DF_POL(1.1),ZAF,A,BP_OPWLSH,CPC_EX_TO,PT_SUPP_E_PRDC,2020,0.0,2,,,
OECD.TAD.ARP:DSD_AGR_POLIND@DF_POL(1.1),ZAF,A,BP_OPWLSH,CPC_EX_TO,PT_SUPP_E_PRDC,2021,0.0,2,,,
OECD.TAD.ARP:DSD_AGR_POLIND@DF_POL(1.1),ZAF,A,BP_OPWLSH,CPC_EX_TO,PT_SUPP_E_PRDC,2022,0.0,2,,,
OECD.TAD.ARP:DSD_AGR_POLIND@DF_POL(1.1),ZAF,A,BP_OPWLSH,CPC_EX_TO,PT_SUPP_E_PRDC,2023,0.0,2,,,
OECD.TAD.ARP:DSD_AGR_POLIND@DF_POL(1.1),ZAF,A,BP_OPWLSH,CPC_EX_TO,PT_SUPP_E_PRDC,2014,0.0,2,,,
OECD.TAD.ARP:DSD_AGR_POLIND@DF_POL(1.1),ZAF,A,BP_OPWLSH,CPC_EX_TO,PT_SUPP_E_PRDC,2015,0.0,2,,,
OECD.TAD.ARP:DSD_AGR_POLIND@DF_POL(1.1),ZAF,A,BP_OPWLSH,CPC_EX_TO,PT_SUPP_E_PRDC,2016,0.0,2,,,
OECD.TAD.ARP:DSD_AGR_POLIND@DF_POL(1.1),ZAF,A,BP_OPWLSH,CPC_EX_TO,PT_SUPP_E_PRDC,2017,0.0,2,,,
OECD.TAD.ARP:DSD_AGR_POLIND@DF_POL(1.1),OECD,A,BPICSH,CPC_EX_TO,PT_SUPP_E_PRDC,2015,40.5286,2,,,
OECD.TAD.ARP:DSD_AGR_POLIND@DF_POL(1.1),OECD,A,BPICSH,CPC_EX_TO,PT_SUPP_E_PRDC,2016,39.6611,2,,,
OECD.TAD.ARP:DSD_AGR_POLIND@DF_POL(1.1),OECD,A,BPICSH,CPC_EX_TO,PT_SUPP_E_PRDC,2017,39.3753,2,,,
OECD.TAD.ARP:DSD_AGR_POLIND@DF_POL(1.1),OECD,A,BPICSH,CPC_EX_TO,PT_SUPP_E_PRDC,2018,43.268,2,,,
OECD.TAD.ARP:DSD_AGR_POLIND@DF_POL(1.1),OECD,A,BPICSH,CPC_EX_TO,PT_SUPP_E_PRDC,2019,44.1402,2,,,
OECD.TAD.ARP:DSD_AGR_POLIND@DF_POL(1.1),OECD,A,BPICSH,CPC_EX_TO,PT_SUPP_E_PRDC,2020,43.803,2,,,
OECD.TAD.ARP:DSD_AGR_POLIND@DF_POL(1.1),OECD,A,BPICSH,CPC_EX_TO,PT_SUPP_E_PRDC,2021,48.0197,2,,,
OECD.TAD.ARP:DSD_AGR_POLIND@DF_POL(1.1),OECD,A,BPICSH,CPC_EX_TO,PT_SUPP_E_PRDC,2022,47.4736,2,,,
OECD.TAD.ARP:DSD_AGR_POLIND@DF_POL(1.1),OECD,A,BPICSH,CPC_EX_TO,PT_SUPP_E_PRDC,2023,40.8245,2,,,
OECD.TAD.ARP:DSD_AGR_POLIND@DF_POL(1.1),OECD,A,BPICSH,CPC_EX_TO,PT_SUPP_E_PRDC,2014,42.3591,2,,,
OECD.TAD.ARP:DSD_AGR_POLIND@DF_POL(1.1),IDN,A,BPICSH,CPC_EX_TO,PT_SUPP_E_PRDC,2017,0.0004,2,,,
OECD.TAD.ARP:DSD_AGR_POLIND@DF_POL(1.1),IDN,A,BPICSH,CPC_EX_TO,PT_SUPP_E_PRDC,2021,,2,N,,
OECD.TAD.ARP:DSD_AGR_POLIND@DF_POL(1.1),IDN,A,BPICSH,CPC_EX_TO,PT_SUPP_E_PRDC,2018,0.0022,2,,,
OECD.TAD.ARP:DSD_AGR_POLIND@DF_POL(1.1),IDN,A,BPICSH,CPC_EX_TO,PT_SUPP_E_PRDC,2019,0.0012,2,,,
OECD.TAD.ARP:DSD_AGR_POLIND@DF_POL(1.1),IDN,A,BPICSH,CPC_EX_TO,PT_SUPP_E_PRDC,2020,0.002,2,,,
OECD.TAD.ARP:DSD_AGR_POLIND@DF_POL(1.1),IDN,A,BPICSH,CPC_EX_TO,PT_SUPP_E_PRDC,2022,,2,N,,
OECD.TAD.ARP:DSD_AGR_POLIND@DF_POL(1.1),IDN,A,BPICSH,CPC_EX_TO,PT_SUPP_E_PRDC,2023,0.0977,2,,,
OECD.TAD.ARP:DSD_AGR_POLIND@DF_POL(1.1),IDN,A,BPICSH,CPC_EX_TO,PT_SUPP_E_PRDC,2014,0.0272,2,,,
OECD.TAD.ARP:DSD_AGR_POLIND@DF_POL(1.1),IDN,A,BPICSH,CPC_EX_TO,PT_SUPP_E_PRDC,2015,0.0001,2,,,
OECD.TAD.ARP:DSD_AGR_POLIND@DF_POL(1.1),IDN,A,BPICSH,CPC_EX_TO,PT_SUPP_E_PRDC,2016,0.0007,2,,,
OECD.TAD.ARP:DSD_AGR_POLIND@DF_POL(1.1),CHL,A,BP_OPWLSH,CPC_EX_TO,PT_SUPP_E_PRDC,2015,1.1754,2,,,
OECD.TAD.ARP:DSD_AGR_POLIND@DF_POL(1.1),CHL,A,BP_OPWLSH,CPC_EX_TO,PT_SUPP_E_PRDC,2016,0.4871,2,,,
OECD.TAD.ARP:DSD_AGR_POLIND@DF_POL(1.1),CHL,A,BP_OPWLSH,CPC_EX_TO,PT_SUPP_E_PRDC,2017,0.4751,2,,,
OECD.TAD.ARP:DSD_AGR_POLIND@DF_POL(1.1),CHL,A,BP_OPWLSH,CPC_EX_TO,PT_SUPP_E_PRDC,2018,0.4808,2,,,
OECD.TAD.ARP:DSD_AGR_POLIND@DF_POL(1.1),CHL,A,BP_OPWLSH,CPC_EX_TO,PT_SUPP_E_PRDC,2019,0.5906,2,,,
OECD.TAD.ARP:DSD_AGR_POLIND@DF_POL(1.1),CHL,A,BP_OPWLSH,CPC_EX_TO,PT_SUPP_E_PRDC,2020,0.6243,2,,,
OECD.TAD.ARP:DSD_AGR_POLIND@DF_POL(1.1),CHL,A,BP_OPWLSH,CPC_EX_TO,PT_SUPP_E_PRDC,2021,0.5393,2,,,
OECD.TAD.ARP:DSD_AGR_POLIND@DF_POL(1.1),CHL,A,BP_OPWLSH,CPC_EX_TO,PT_SUPP_E_PRDC,2022,0.566,2,,,
OECD.TAD.ARP:DSD_AGR_POLIND@DF_POL(1.1),CHL,A,BP_OPWLSH,CPC_EX_TO,PT_SUPP_E_PRDC,2023,0.5734,2,,,
OECD.TAD.ARP:DSD_AGR_POLIND@DF_POL(1.1),CHL,A,BP_OPWLSH,CPC_EX_TO,PT_SUPP_E_PRDC,2014,0.5881,2,,,
OECD.TAD.ARP:DSD_AGR_POLIND@DF_POL(1.1),RUS,A,BPICSH,CPC_EX_TO,PT_SUPP_E_PRDC,2014,0.0,2,,,
OECD.TAD.ARP:DSD_AGR_POLIND@DF_POL(1.1),RUS,A,BPICSH,CPC_EX_TO,PT_SUPP_E_PRDC,2015,0.0,2,,,
OECD.TAD.ARP:DSD_AGR_POLIND@DF_POL(1.1),RUS,A,BPICSH,CPC_EX_TO,PT_SUPP_E_PRDC,2016,0.0,2,,,
OECD.TAD.ARP:DSD_AGR_POLIND@DF_POL(1.1),RUS,A,BPICSH,CPC_EX_TO,PT_SUPP_E_PRDC,2017,0.0,2,,,
OECD.TAD.ARP:DSD_AGR_POLIND@DF_POL(1.1),RUS,A,BPICSH,CPC_EX_TO,PT_SUPP_E_PRDC,2018,0.0,2,,,
OECD.TAD.ARP:DSD_AGR_POLIND@DF_POL(1.1),RUS,A,BPICSH,CPC_EX_TO,PT_SUPP_E_PRDC,2019,0.0,2,,,
OECD.TAD.ARP:DSD_AGR_POLIND@DF_POL(1.1),RUS,A,BPICSH,CPC_EX_TO,PT_SUPP_E_PRDC,2020,0.0,2,,,
OECD.TAD.ARP:DSD_AGR_POLIND@DF_POL(1.1),RUS,A,BPICSH,CPC_EX_TO,PT_SUPP_E_PRDC,2021,0.0,2,,,
OECD.TAD.ARP:DSD_AGR_POLIND@DF_POL(1.1),RUS,A,BPICSH,CPC_EX_TO,PT_SUPP_E_PRDC,2022,,2,N,,
OECD.TAD.ARP:DSD_AGR_POLIND@DF_POL(1.1),RUS,A,BPICSH,CPC_EX_TO,PT_SUPP_E_PRDC,2023,,2,N,,
OECD.TAD.ARP:DSD_AGR_POLIND@DF_POL(1.1),NOR,A,BP_OPWLSH,CPC_EX_TO,PT_SUPP_E_PRDC,2015,31.1605,2,,,
OECD.TAD.ARP:DSD_AGR_POLIND@DF_POL(1.1),NOR,A,BP_OPWLSH,CPC_EX_TO,PT_SUPP_E_PRDC,2016,27.0346,2,,,
OECD.TAD.ARP:DSD_AGR_POLIND@DF_POL(1.1),NOR,A,BP_OPWLSH,CPC_EX_TO,PT_SUPP_E_PRDC,2017,24.0831,2,,,
OECD.TAD.ARP:DSD_AGR_POLIND@DF_POL(1.1),NOR,A,BP_OPWLSH,CPC_EX_TO,PT_SUPP_E_PRDC,2018,26.1483,2,,,
OECD.TAD.ARP:DSD_AGR_POLIND@DF_POL(1.1),NOR,A,BP_OPWLSH,CPC_EX_TO,PT_SUPP_E_PRDC,2019,26.8968,2,,,
OECD.TAD.ARP:DSD_AGR_POLIND@DF_POL(1.1),NOR,A,BP_OPWLSH,CPC_EX_TO,PT_SUPP_E_PRDC,2020,26.0862,2,,,
OECD.TAD.ARP:DSD_AGR_POLIND@DF_POL(1.1),NOR,A,BP_OPWLSH,CPC_EX_TO,PT_SUPP_E_PRDC,2021,24.8036,2,,,
OECD.TAD.ARP:DSD_AGR_POLIND@DF_POL(1.1),NOR,A,BP_OPWLSH,CPC_EX_TO,PT_SUPP_E_PRDC,2022,28.3091,2,,,
OECD.TAD.ARP:DSD_AGR_POLIND@DF_POL(1.1),NOR,A,BP_OPWLSH,CPC_EX_TO,PT_SUPP_E_PRDC,2023,24.6034,2,,,
OECD.TAD.ARP:DSD_AGR_POLIND@DF_POL(1.1),NOR,A,BP_OPWLSH,CPC_EX_TO,PT_SUPP_E_PRDC,2014,28.1249,2,,,
OECD.TAD.ARP:DSD_AGR_POLIND@DF_POL(1.1),BRA,A,BP_OPWLSH,CPC_EX_TO,PT_SUPP_E_PRDC,2017,0.0,2,,,
OECD.TAD.ARP:DSD_AGR_POLIND@DF_POL(1.1),BRA,A,BP_OPWLSH,CPC_EX_TO,PT_SUPP_E_PRDC,2018,0.0,2,,,
OECD.TAD.ARP:DSD_AGR_POLIND@DF_POL(1.1),BRA,A,BP_OPWLSH,CPC_EX_TO,PT_SUPP_E_PRDC,2019,0.0,2,,,
OECD.TAD.ARP:DSD_AGR_POLIND@DF_POL(1.1),BRA,A,BP_OPWLSH,CPC_EX_TO,PT_SUPP_E_PRDC,2020,0.0,2,,,
OECD.TAD.ARP:DSD_AGR_POLIND@DF_POL(1.1),BRA,A,BP_OPWLSH,CPC_EX_TO,PT_SUPP_E_PRDC,2021,0.0,2,,,
OECD.TAD.ARP:DSD_AGR_POLIND@DF_POL(1.1),BRA,A,BP_OPWLSH,CPC_EX_TO,PT_SUPP_E_PRDC,2022,0.0,2,,,
OECD.TAD.ARP:DSD_AGR_POLIND@DF_POL(1.1),BRA,A,BP_OPWLSH,CPC_EX_TO,PT_SUPP_E_PRDC,2023,0.0,2,,,
OECD.TAD.ARP:DSD_AGR_POLIND@DF_POL(1.1),BRA,A,BP_OPWLSH,CPC_EX_TO,PT_SUPP_E_PRDC,2014,0.0,2,,,
OECD.TAD.ARP:DSD_AGR_POLIND@DF_POL(1.1),BRA,A,BP_OPWLSH,CPC_EX_TO,PT_SUPP_E_PRDC,2015,0.0,2,,,
OECD.TAD.ARP:DSD_AGR_POLIND@DF_POL(1.1),BRA,A,BP_OPWLSH,CPC_EX_TO,PT_SUPP_E_PRDC,2016,0.0,2,,,
OECD.TAD.ARP:DSD_AGR_POLIND@DF_POL(1.1),RUS,A,BP_OPWLSH,CPC_EX_TO,PT_SUPP_E_PRDC,2018,0.0,2,,,
OECD.TAD.ARP:DSD_AGR_POLIND@DF_POL(1.1),RUS,A,BP_OPWLSH,CPC_EX_TO,PT_SUPP_E_PRDC,2019,0.0,2,,,
OECD.TAD.ARP:DSD_AGR_POLIND@DF_POL(1.1),RUS,A,BP_OPWLSH,CPC_EX_TO,PT_SUPP_E_PRDC,2020,0.0,2,,,
OECD.TAD.ARP:DSD_AGR_POLIND@DF_POL(1.1),RUS,A,BP_OPWLSH,CPC_EX_TO,PT_SUPP_E_PRDC,2021,0.0,2,,,
OECD.TAD.ARP:DSD_AGR_POLIND@DF_POL(1.1),RUS,A,BP_OPWLSH,CPC_EX_TO,PT_SUPP_E_PRDC,2022,,2,N,,
OECD.TAD.ARP:DSD_AGR_POLIND@DF_POL(1.1),RUS,A,BP_OPWLSH,CPC_EX_TO,PT_SUPP_E_PRDC,2023,,2,N,,
OECD.TAD.ARP:DSD_AGR_POLIND@DF_POL(1.1),RUS,A,BP_OPWLSH,CPC_EX_TO,PT_SUPP_E_PRDC,2014,0.0,2,,,
OECD.TAD.ARP:DSD_AGR_POLIND@DF_POL(1.1),RUS,A,BP_OPWLSH,CPC_EX_TO,PT_SUPP_E_PRDC,2015,0.0,2,,,
OECD.TAD.ARP:DSD_AGR_POLIND@DF_POL(1.1),RUS,A,BP_OPWLSH,CPC_EX_TO,PT_SUPP_E_PRDC,2016,0.0,2,,,
OECD.TAD.ARP:DSD_AGR_POLIND@DF_POL(1.1),RUS,A,BP_OPWLSH,CPC_EX_TO,PT_SUPP_E_PRDC,2017,0.0,2,,,
OECD.TAD.ARP:DSD_AGR_POLIND@DF_POL(1.1),CHE,A,BP_OPWLSH,CPC_EX_TO,PT_SUPP_E_PRDC,2015,17.9655,2,,,
OECD.TAD.ARP:DSD_AGR_POLIND@DF_POL(1.1),CHE,A,BP_OPWLSH,CPC_EX_TO,PT_SUPP_E_PRDC,2016,15.6561,2,,,
OECD.TAD.ARP:DSD_AGR_POLIND@DF_POL(1.1),CHE,A,BP_OPWLSH,CPC_EX_TO,PT_SUPP_E_PRDC,2017,10.9364,2,,,
OECD.TAD.ARP:DSD_AGR_POLIND@DF_POL(1.1),CHE,A,BP_OPWLSH,CPC_EX_TO,PT_SUPP_E_PRDC,2018,14.8009,2,,,
OECD.TAD.ARP:DSD_AGR_POLIND@DF_POL(1.1),CHE,A,BP_OPWLSH,CPC_EX_TO,PT_SUPP_E_PRDC,2019,9.4758,2,,,
OECD.TAD.ARP:DSD_AGR_POLIND@DF_POL(1.1),CHE,A,BP_OPWLSH,CPC_EX_TO,PT_SUPP_E_PRDC,2020,9.6942,2,,,
OECD.TAD.ARP:DSD_AGR_POLIND@DF_POL(1.1),CHE,A,BP_OPWLSH,CPC_EX_TO,PT_SUPP_E_PRDC,2021,6.9378,2,,,
OECD.TAD.ARP:DSD_AGR_POLIND@DF_POL(1.1),CHE,A,BP_OPWLSH,CPC_EX_TO,PT_SUPP_E_PRDC,2022,6.7856,2,,,
OECD.TAD.ARP:DSD_AGR_POLIND@DF_POL(1.1),CHE,A,BP_OPWLSH,CPC_EX_TO,PT_SUPP_E_PRDC,2023,13.4695,2,,,
OECD.TAD.ARP:DSD_AGR_POLIND@DF_POL(1.1),CHE,A,BP_OPWLSH,CPC_EX_TO,PT_SUPP_E_PRDC,2014,17.5442,2,,,
OECD.TAD.ARP:DSD_AGR_POLIND@DF_POL(1.1),CRI,A,BPICSH,CPC_EX_TO,PT_SUPP_E_PRDC,2017,8.5552,2,,,
OECD.TAD.ARP:DSD_AGR_POLIND@DF_POL(1.1),CRI,A,BPICSH,CPC_EX_TO,PT_SUPP_E_PRDC,2014,3.2964,2,,,
OECD.TAD.ARP:DSD_AGR_POLIND@DF_POL(1.1),CRI,A,BPICSH,CPC_EX_TO,PT_SUPP_E_PRDC,2015,2.4246,2,,,
OECD.TAD.ARP:DSD_AGR_POLIND@DF_POL(1.1),CRI,A,BPICSH,CPC_EX_TO,PT_SUPP_E_PRDC,2016,2.8745,2,,,
OECD.TAD.ARP:DSD_AGR_POLIND@DF_POL(1.1),CRI,A,BPICSH,CPC_EX_TO,PT_SUPP_E_PRDC,2018,7.1464,2,,,
OECD.TAD.ARP:DSD_AGR_POLIND@DF_POL(1.1),CRI,A,BPICSH,CPC_EX_TO,PT_SUPP_E_PRDC,2019,4.7182,2,,,
OECD.TAD.ARP:DSD_AGR_POLIND@DF_POL(1.1),CRI,A,BPICSH,CPC_EX_TO,PT_SUPP_E_PRDC,2020,4.0677,2,,,
OECD.TAD.ARP:DSD_AGR_POLIND@DF_POL(1.1),CRI,A,BPICSH,CPC_EX_TO,PT_SUPP_E_PRDC,2021,5.6154,2,,,
OECD.TAD.ARP:DSD_AGR_POLIND@DF_POL(1.1),CRI,A,BPICSH,CPC_EX_TO,PT_SUPP_E_PRDC,2022,7.6946,2,,,
OECD.TAD.ARP:DSD_AGR_POLIND@DF_POL(1.1),CRI,A,BPICSH,CPC_EX_TO,PT_SUPP_E_PRDC,2023,7.9218,2,,,
OECD.TAD.ARP:DSD_AGR_POLIND@DF_POL(1.1),CHN,A,BPICSH,CPC_EX_TO,PT_SUPP_E_PRDC,2014,1.1865,2,,,
OECD.TAD.ARP:DSD_AGR_POLIND@DF_POL(1.1),CHN,A,BPICSH,CPC_EX_TO,PT_SUPP_E_PRDC,2015,1.1821,2,,,
OECD.TAD.ARP:DSD_AGR_POLIND@DF_POL(1.1),CHN,A,BPICSH,CPC_EX_TO,PT_SUPP_E_PRDC,2016,1.2648,2,,,
OECD.TAD.ARP:DSD_AGR_POLIND@DF_POL(1.1),CHN,A,BPICSH,CPC_EX_TO,PT_SUPP_E_PRDC,2017,1.1552,2,,,
OECD.TAD.ARP:DSD_AGR_POLIND@DF_POL(1.1),CHN,A,BPICSH,CPC_EX_TO,PT_SUPP_E_PRDC,2018,1.2508,2,,,
OECD.TAD.ARP:DSD_AGR_POLIND@DF_POL(1.1),CHN,A,BPICSH,CPC_EX_TO,PT_SUPP_E_PRDC,2019,0.8624,2,,,
OECD.TAD.ARP:DSD_AGR_POLIND@DF_POL(1.1),CHN,A,BPICSH,CPC_EX_TO,PT_SUPP_E_PRDC,2020,0.6156,2,,,
OECD.TAD.ARP:DSD_AGR_POLIND@DF_POL(1.1),CHN,A,BPICSH,CPC_EX_TO,PT_SUPP_E_PRDC,2021,0.4084,2,,,
OECD.TAD.ARP:DSD_AGR_POLIND@DF_POL(1.1),CHN,A,BPICSH,CPC_EX_TO,PT_SUPP_E_PRDC,2022,0.4182,2,,,
OECD.TAD.ARP:DSD_AGR_POLIND@DF_POL(1.1),CHN,A,BPICSH,CPC_EX_TO,PT_SUPP_E_PRDC,2023,0.4275,2,,,
OECD.TAD.ARP:DSD_AGR_POLIND@DF_POL(1.1),KAZ,A,BPICSH,CPC_EX_TO,PT_SUPP_E_PRDC,2018,0.0,2,,,
OECD.TAD.ARP:DSD_AGR_POLIND@DF_POL(1.1),KAZ,A,BPICSH,CPC_EX_TO,PT_SUPP_E_PRDC,2019,0.0,2,,,
OECD.TAD.ARP:DSD_AGR_POLIND@DF_POL(1.1),KAZ,A,BPICSH,CPC_EX_TO,PT_SUPP_E_PRDC,2020,0.0,2,,,
OECD.TAD.ARP:DSD_AGR_POLIND@DF_POL(1.1),KAZ,A,BPICSH,CPC_EX_TO,PT_SUPP_E_PRDC,2021,,2,N,,
OECD.TAD.ARP:DSD_AGR_POLIND@DF_POL(1.1),KAZ,A,BPICSH,CPC_EX_TO,PT_SUPP_E_PRDC,2022,,2,N,,
OECD.TAD.ARP:DSD_AGR_POLIND@DF_POL(1.1),KAZ,A,BPICSH,CPC_EX_TO,PT_SUPP_E_PRDC,2023,0.0,2,,,
OECD.TAD.ARP:DSD_AGR_POLIND@DF_POL(1.1),KAZ,A,BPICSH,CPC_EX_TO,PT_SUPP_E_PRDC,2014,0.0,2,,,
OECD.TAD.ARP:DSD_AGR_POLIND@DF_POL(1.1),KAZ,A,BPICSH,CPC_EX_TO,PT_SUPP_E_PRDC,2015,0.0,2,,,
OECD.TAD.ARP:DSD_AGR_POLIND@DF_POL(1.1),KAZ,A,BPICSH,CPC_EX_TO,PT_SUPP_E_PRDC,2016,0.0,2,,,
OECD.TAD.ARP:DSD_AGR_POLIND@DF_POL(1.1),KAZ,A,BPICSH,CPC_EX_TO,PT_SUPP_E_PRDC,2017,0.0,2,,,
OECD.TAD.ARP:DSD_AGR_POLIND@DF_POL(1.1),TUR,A,BP_OPWLSH,CPC_EX_TO,PT_SUPP_E_PRDC,2023,0.1037,2,,,
OECD.TAD.ARP:DSD_AGR_POLIND@DF_POL(1.1),TUR,A,BP_OPWLSH,CPC_EX_TO,PT_SUPP_E_PRDC,2014,0.0912,2,,,
OECD.TAD.ARP:DSD_AGR_POLIND@DF_POL(1.1),TUR,A,BP_OPWLSH,CPC_EX_TO,PT_SUPP_E_PRDC,2015,0.0815,2,,,
OECD.TAD.ARP:DSD_AGR_POLIND@DF_POL(1.1),TUR,A,BP_OPWLSH,CPC_EX_TO,PT_SUPP_E_PRDC,2016,0.1097,2,,,
OECD.TAD.ARP:DSD_AGR_POLIND@DF_POL(1.1),TUR,A,BP_OPWLSH,CPC_EX_TO,PT_SUPP_E_PRDC,2017,0.11,2,,,
OECD.TAD.ARP:DSD_AGR_POLIND@DF_POL(1.1),TUR,A,BP_OPWLSH,CPC_EX_TO,PT_SUPP_E_PRDC,2018,0.0,2,,,
OECD.TAD.ARP:DSD_AGR_POLIND@DF_POL(1.1),TUR,A,BP_OPWLSH,CPC_EX_TO,PT_SUPP_E_PRDC,2019,0.0,2,,,
OECD.TAD.ARP:DSD_AGR_POLIND@DF_POL(1.1),TUR,A,BP_OPWLSH,CPC_EX_TO,PT_SUPP_E_PRDC,2020,0.0,2,,,
OECD.TAD.ARP:DSD_AGR_POLIND@DF_POL(1.1),TUR,A,BP_OPWLSH,CPC_EX_TO,PT_SUPP_E_PRDC,2021,0.1155,2,,,
OECD.TAD.ARP:DSD_AGR_POLIND@DF_POL(1.1),TUR,A,BP_OPWLSH,CPC_EX_TO,PT_SUPP_E_PRDC,2022,0.2308,2,,,
OECD.TAD.ARP:DSD_AGR_POLIND@DF_POL(1.1),ISR,A,BPICSH,CPC_EX_TO,PT_SUPP_E_PRDC,2017,0.0,2,,,
OECD.TAD.ARP:DSD_AGR_POLIND@DF_POL(1.1),ISR,A,BPICSH,CPC_EX_TO,PT_SUPP_E_PRDC,2018,0.0,2,,,
OECD.TAD.ARP:DSD_AGR_POLIND@DF_POL(1.1),ISR,A,BPICSH,CPC_EX_TO,PT_SUPP_E_PRDC,2019,0.0,2,,,
OECD.TAD.ARP:DSD_AGR_POLIND@DF_POL(1.1),ISR,A,BPICSH,CPC_EX_TO,PT_SUPP_E_PRDC,2020,0.0,2,,,
OECD.TAD.ARP:DSD_AGR_POLIND@DF_POL(1.1),ISR,A,BPICSH,CPC_EX_TO,PT_SUPP_E_PRDC,2021,0.0,2,,,
OECD.TAD.ARP:DSD_AGR_POLIND@DF_POL(1.1),ISR,A,BPICSH,CPC_EX_TO,PT_SUPP_E_PRDC,2022,0.0,2,,,
OECD.TAD.ARP:DSD_AGR_POLIND@DF_POL(1.1),ISR,A,BPICSH,CPC_EX_TO,PT_SUPP_E_PRDC,2023,0.0,2,,,
OECD.TAD.ARP:DSD_AGR_POLIND@DF_POL(1.1),ISR,A,BPICSH,CPC_EX_TO,PT_SUPP_E_PRDC,2014,0.0,2,,,
OECD.TAD.ARP:DSD_AGR_POLIND@DF_POL(1.1),ISR,A,BPICSH,CPC_EX_TO,PT_SUPP_E_PRDC,2015,0.0,2,,,
OECD.TAD.ARP:DSD_AGR_POLIND@DF_POL(1.1),ISR,A,BPICSH,CPC_EX_TO,PT_SUPP_E_PRDC,2016,0.0,2,,,
OECD.TAD.ARP:DSD_AGR_POLIND@DF_POL(1.1),CAN,A,BP_OPWLSH,CPC_EX_TO,PT_SUPP_E_PRDC,2016,76.9375,2,,,
OECD.TAD.ARP:DSD_AGR_POLIND@DF_POL(1.1),CAN,A,BP_OPWLSH,CPC_EX_TO,PT_SUPP_E_PRDC,2023,55.0365,2,,,
OECD.TAD.ARP:DSD_AGR_POLIND@DF_POL(1.1),CAN,A,BP_OPWLSH,CPC_EX_TO,PT_SUPP_E_PRDC,2014,67.7741,2,,,
OECD.TAD.ARP:DSD_AGR_POLIND@DF_POL(1.1),CAN,A,BP_OPWLSH,CPC_EX_TO,PT_SUPP_E_PRDC,2015,74.4333,2,,,
OECD.TAD.ARP:DSD_AGR_POLIND@DF_POL(1.1),CAN,A,BP_OPWLSH,CPC_EX_TO,PT_SUPP_E_PRDC,2017,79.0438,2,,,
OECD.TAD.ARP:DSD_AGR_POLIND@DF_POL(1.1),CAN,A,BP_OPWLSH,CPC_EX_TO,PT_SUPP_E_PRDC,2018,75.1473,2,,,
OECD.TAD.ARP:DSD_AGR_POLIND@DF_POL(1.1),CAN,A,BP_OPWLSH,CPC_EX_TO,PT_SUPP_E_PRDC,2019,67.8307,2,,,
OECD.TAD.ARP:DSD_AGR_POLIND@DF_POL(1.1),CAN,A,BP_OPWLSH,CPC_EX_TO,PT_SUPP_E_PRDC,2020,70.7295,2,,,
OECD.TAD.ARP:DSD_AGR_POLIND@DF_POL(1.1),CAN,A,BP_OPWLSH,CPC_EX_TO,PT_SUPP_E_PRDC,2021,51.0514,2,,,
OECD.TAD.ARP:DSD_AGR_POLIND@DF_POL(1.1),CAN,A,BP_OPWLSH,CPC_EX_TO,PT_SUPP_E_PRDC,2022,54.3253,2,,,
OECD.TAD.ARP:DSD_AGR_POLIND@DF_POL(1.1),TUR,A,BPICSH,CPC_EX_TO,PT_SUPP_E_PRDC,2016,1.0257,2,,,
OECD.TAD.ARP:DSD_AGR_POLIND@DF_POL(1.1),TUR,A,BPICSH,CPC_EX_TO,PT_SUPP_E_PRDC,2017,1.2539,2,,,
OECD.TAD.ARP:DSD_AGR_POLIND@DF_POL(1.1),TUR,A,BPICSH,CPC_EX_TO,PT_SUPP_E_PRDC,2018,1.4468,2,,,
OECD.TAD.ARP:DSD_AGR_POLIND@DF_POL(1.1),TUR,A,BPICSH,CPC_EX_TO,PT_SUPP_E_PRDC,2019,1.9629,2,,,
OECD.TAD.ARP:DSD_AGR_POLIND@DF_POL(1.1),TUR,A,BPICSH,CPC_EX_TO,PT_SUPP_E_PRDC,2020,0.4482,2,,,
OECD.TAD.ARP:DSD_AGR_POLIND@DF_POL(1.1),TUR,A,BPICSH,CPC_EX_TO,PT_SUPP_E_PRDC,2021,0.965,2,,,
OECD.TAD.ARP:DSD_AGR_POLIND@DF_POL(1.1),TUR,A,BPICSH,CPC_EX_TO,PT_SUPP_E_PRDC,2022,1.0333,2,,,
OECD.TAD.ARP:DSD_AGR_POLIND@DF_POL(1.1),TUR,A,BPICSH,CPC_EX_TO,PT_SUPP_E_PRDC,2023,0.6858,2,,,
OECD.TAD.ARP:DSD_AGR_POLIND@DF_POL(1.1),TUR,A,BPICSH,CPC_EX_TO,PT_SUPP_E_PRDC,2014,1.2136,2,,,
OECD.TAD.ARP:DSD_AGR_POLIND@DF_POL(1.1),TUR,A,BPICSH,CPC_EX_TO,PT_SUPP_E_PRDC,2015,1.1867,2,,,
OECD.TAD.ARP:DSD_AGR_POLIND@DF_POL(1.1),GBR,A,BPICSH,CPC_EX_TO,PT_SUPP_E_PRDC,2017,60.7361,2,,,
OECD.TAD.ARP:DSD_AGR_POLIND@DF_POL(1.1),GBR,A,BPICSH,CPC_EX_TO,PT_SUPP_E_PRDC,2018,58.0286,2,,,
OECD.TAD.ARP:DSD_AGR_POLIND@DF_POL(1.1),GBR,A,BPICSH,CPC_EX_TO,PT_SUPP_E_PRDC,2019,60.3117,2,,,
OECD.TAD.ARP:DSD_AGR_POLIND@DF_POL(1.1),GBR,A,BPICSH,CPC_EX_TO,PT_SUPP_E_PRDC,2020,63.8548,2,,,
OECD.TAD.ARP:DSD_AGR_POLIND@DF_POL(1.1),GBR,A,BPICSH,CPC_EX_TO,PT_SUPP_E_PRDC,2021,46.8831,2,,,
OECD.TAD.ARP:DSD_AGR_POLIND@DF_POL(1.1),GBR,A,BPICSH,CPC_EX_TO,PT_SUPP_E_PRDC,2022,50.9761,2,,,
OECD.TAD.ARP:DSD_AGR_POLIND@DF_POL(1.1),GBR,A,BPICSH,CPC_EX_TO,PT_SUPP_E_PRDC,2023,40.7116,2,,,
OECD.TAD.ARP:DSD_AGR_POLIND@DF_POL(1.1),GBR,A,BPICSH,CPC_EX_TO,PT_SUPP_E_PRDC,2014,,2,N,,
OECD.TAD.ARP:DSD_AGR_POLIND@DF_POL(1.1),GBR,A,BPICSH,CPC_EX_TO,PT_SUPP_E_PRDC,2015,,2,N,,
OECD.TAD.ARP:DSD_AGR_POLIND@DF_POL(1.1),GBR,A,BPICSH,CPC_EX_TO,PT_SUPP_E_PRDC,2016,,2,N,,
OECD.TAD.ARP:DSD_AGR_POLIND@DF_POL(1.1),NZL,A,BP_OPWLSH,CPC_EX_TO,PT_SUPP_E_PRDC,2020,0.0,2,,,
OECD.TAD.ARP:DSD_AGR_POLIND@DF_POL(1.1),NZL,A,BP_OPWLSH,CPC_EX_TO,PT_SUPP_E_PRDC,2021,0.0,2,,,
OECD.TAD.ARP:DSD_AGR_POLIND@DF_POL(1.1),NZL,A,BP_OPWLSH,CPC_EX_TO,PT_SUPP_E_PRDC,2022,0.0,2,,,
OECD.TAD.ARP:DSD_AGR_POLIND@DF_POL(1.1),NZL,A,BP_OPWLSH,CPC_EX_TO,PT_SUPP_E_PRDC,2023,0.0,2,,,
OECD.TAD.ARP:DSD_AGR_POLIND@DF_POL(1.1),NZL,A,BP_OPWLSH,CPC_EX_TO,PT_SUPP_E_PRDC,2014,0.0,2,,,
OECD.TAD.ARP:DSD_AGR_POLIND@DF_POL(1.1),NZL,A,BP_OPWLSH,CPC_EX_TO,PT_SUPP_E_PRDC,2015,0.0,2,,,
OECD.TAD.ARP:DSD_AGR_POLIND@DF_POL(1.1),NZL,A,BP_OPWLSH,CPC_EX_TO,PT_SUPP_E_PRDC,2016,0.0,2,,,
OECD.TAD.ARP:DSD_AGR_POLIND@DF_POL(1.1),NZL,A,BP_OPWLSH,CPC_EX_TO,PT_SUPP_E_PRDC,2017,0.0,2,,,
OECD.TAD.ARP:DSD_AGR_POLIND@DF_POL(1.1),NZL,A,BP_OPWLSH,CPC_EX_TO,PT_SUPP_E_PRDC,2018,0.0,2,,,
OECD.TAD.ARP:DSD_AGR_POLIND@DF_POL(1.1),NZL,A,BP_OPWLSH,CPC_EX_TO,PT_SUPP_E_PRDC,2019,0.0,2,,,
